lon,lat,anp_cate,anp_codi,anp_nomb,anp_suleg,anp_uicn,anp_balec,anp_felec
-76.21831,-13.04383,Bosque de Protección,BP01,Aledaño a la Bocatoma del Canal Nuevo Imperial,18.11,VI - Uso sostenible de recursos naturales,R.S. N° 0007-1980-AA/DGFF,327542400000
-78.71944,-8.59997,Bosque de Protección,BP02,Puquio Santa Rosa,72.5,VI - Uso sostenible de recursos naturales,R.S. N° 0434-1982-AG/DGFF,399772800000
-74.99318,-11.29214,Bosque de Protección,BP03,de Pui Pui,60000,VI - Uso sostenible de recursos naturales,R.S. N° 0042-1985-AG/DGFF,475977600000
-79.06034,-6.40611,Bosque de Protección,BP05,de Pagaibamba,2078.38,VI - Uso sostenible de recursos naturales,R.S. N° 0222-1987-AG/DGFF,551059200000
-77.5197,-5.84264,Bosque de Protección,BP06,Alto Mayo,182000,VI - Uso sostenible de recursos naturales,R.S. N° 0293-1987-AG/DGFF,553996800000
-78.45993,-7.41145,Coto de Caza,CC02,Sunchubamba,59735,VI - Uso sostenible de recursos naturales,R.M. N° 00462-1977-AG,230515200000
-74.90687,-0.69682,Reserva Comunal,RC09,Airo Pai,247887.59,VI - Uso sostenible de recursos naturales,D.S. N° 006-2012-MINAM,1351123200000
-74.88847,-0.37579,Reserva Comunal,RC10,Huimeki,141234.46,VI - Uso sostenible de recursos naturales,D.S. N° 006-2012-MINAM,1351123200000
-71.38111,-17.70644,Reserva Nacional,RN13.33,"Sistema de Islas, Islotes y Puntas Guaneras - Punta Coles",3365.14,VI - Uso sostenible de recursos naturales,D.S. N° 024-2009-MINAM,1262217600000
-78.77187,-6.16094,Parque Nacional,PN01,de Cutervo,2429.54,II - Protección de Ecosistemas y Recreación,LEY N° 13694,-262396800000
-78.79586,-6.24386,Parque Nacional,PN01,de Cutervo,5784.69,II - Protección de Ecosistemas y Recreación,LEY N° 13694,-262396800000
-76.00908,-9.36773,Parque Nacional,PN02,de Tingo María,4777,II - Protección de Ecosistemas y Recreación,LEY N° 15574,-146275200000
-71.65402,-12.15075,Parque Nacional,PN03,del Manu,1716295.22,II - Protección de Ecosistemas y Recreación,D.S. N° 644-1973-AG,107481600000
-78.68399,-9.02048,Reserva Nacional,RN13.08,"Sistema de Islas, Islotes y Puntas Guaneras - Isla Santa",6662.71,VI - Uso sostenible de recursos naturales,D.S. N° 024-2009-MINAM,1262217600000
-77.40318,-9.37142,Parque Nacional,PN04,Huascarán,340000,II - Protección de Ecosistemas y Recreación,D.S. N° 0622-1975-AG,173404800000
-77.23143,-7.69469,Parque Nacional,PN06,del Río Abiseo,274520,II - Protección de Ecosistemas y Recreación,D.S. N° 064-1983-AG,429408000000
-75.42579,-10.36409,Parque Nacional,PN07,Yanachaga-Chemillén,122000,II - Protección de Ecosistemas y Recreación,D.S. N° 068-1986-AG,525657600000
-69.3254,-13.27754,Parque Nacional,PN08,Bahuaja-Sonene,1091416,II - Protección de Ecosistemas y Recreación,D.S. N° 012-1996-AG,837561600000
-76.05176,-7.70793,Parque Nacional,PN09,Cordillera Azul,1353190.85,II - Protección de Ecosistemas y Recreación,D.S. N° 031-2001-AG,990403200000
-73.68209,-11.74309,Parque Nacional,PN10,Otishi,305973.05,II - Protección de Ecosistemas y Recreación,D.S. N° 003-2003-AG,1042502400000
-71.7704,-10.76029,Parque Nacional,PN11,Alto Purús,2510694.41,II - Protección de Ecosistemas y Recreación,D.S. N° 040-2004-AG,1100736000000
-78.16612,-3.39741,Parque Nacional,PN12,Ichigkat Muja-Cordillera del Cóndor,88477,II - Protección de Ecosistemas y Recreación,D.S. N° 023-2007-AG,1186617600000
-75.24287,-0.36465,Parque Nacional,PN13,Güeppí-Sekime,203628.51,II - Protección de Ecosistemas y Recreación,D.S. N° 006-2012-MINAM,1351123200000
-73.82641,-7.07794,Parque Nacional,PN14,Sierra del Divisor,1354485.1,II - Protección de Ecosistemas y Recreación,D.S. N° 014-2015-MINAM,1447027200000
-71.23847,-2.82328,Parque Nacional,PN15,Yaguas,868927.84,II - Protección de Ecosistemas y Recreación,D.S. N° 001-2018-MINAM,1515542400000
-77.97853,-10.49595,Reserva Nacional,RN13.10,"Sistema de Islas, Islotes y Puntas Guaneras - Punta Colorado",2209.86,VI - Uso sostenible de recursos naturales,D.S. N° 024-2009-MINAM,1262217600000
-77.89546,-10.61469,Reserva Nacional,RN13.11,"Sistema de Islas, Islotes y Puntas Guaneras - Punta La Litera",2036.45,VI - Uso sostenible de recursos naturales,D.S. N° 024-2009-MINAM,1262217600000
-77.67977,-11.02096,Reserva Nacional,RN13.12,"Sistema de Islas, Islotes y Puntas Guaneras - Islote Don Martín",3312.02,VI - Uso sostenible de recursos naturales,D.S. N° 024-2009-MINAM,1262217600000
-74.49986,-9.84894,Reserva Comunal,RC02,El Sira,616413.41,VI - Uso sostenible de recursos naturales,D.S. N° 037-2001-AG,993168000000
-70.94693,-12.85309,Reserva Comunal,RC03,Amarakaeri,402335.62,VI - Uso sostenible de recursos naturales,D.S. N° 031-2002-AG,1020902400000
-73.78369,-11.71096,Reserva Comunal,RC04,Ashaninka,184468.38,VI - Uso sostenible de recursos naturales,D.S. N° 003-2003-AG,1042502400000
-73.32181,-11.91422,Reserva Comunal,RC05,Machiguenga,218905.63,VI - Uso sostenible de recursos naturales,D.S. N° 003-2003-AG,1042502400000
-71.07942,-10.22337,Reserva Comunal,RC06,Purús,202033.21,VI - Uso sostenible de recursos naturales,D.S. N° 040-2004-AG,1100736000000
-78.0498,-4.16326,Reserva Comunal,RC07,Tuntanain,94967.68,VI - Uso sostenible de recursos naturales,D.S. N° 023-2007-AG,1186617600000
-78.24643,-5.43676,Reserva Comunal,RC08,Chayu Naín,23597.76,VI - Uso sostenible de recursos naturales,D.S. N° 021-2009-MINAM,1260316800000
-69.80011,-15.28659,Reserva Nacional,RN05,del Titicaca,50,VI - Uso sostenible de recursos naturales,D.S. N° 185-1978-AA,278640000000
-76.62957,-12.79253,Reserva Nacional,RN13.20,"Sistema de Islas, Islotes y Puntas Guaneras - Isla Asia",3929.58,VI - Uso sostenible de recursos naturales,D.S. N° 024-2009-MINAM,1262217600000
-76.40582,-13.64217,Reserva Nacional,RN13.21-23,"Sistema de Islas, Islotes y Puntas Guaneras - Isla Chincha Norte, Centro y Sur",9410.91,VI - Uso sostenible de recursos naturales,D.S. N° 024-2009-MINAM,1262217600000
-76.4024,-13.74351,Reserva Nacional,RN13.24-26,"Sistema de Islas, Islotes y Puntas Guaneras - Isla Ballestas Norte, Centro y Sur",7197.01,VI - Uso sostenible de recursos naturales,D.S. N° 024-2009-MINAM,1262217600000
-75.86079,-14.7295,Reserva Nacional,RN13.27,"Sistema de Islas, Islotes y Puntas Guaneras - Punta Lomitas",2465.85,VI - Uso sostenible de recursos naturales,D.S. N° 024-2009-MINAM,1262217600000
-74.38864,-14.68262,Reserva Nacional,RN01,Pampa Galeras Barbara D' Achille,6500,VI - Uso sostenible de recursos naturales,R.S. N° 157-A,-82857600000
-76.09005,-11.02599,Reserva Nacional,RN02,de Junín,53000,VI - Uso sostenible de recursos naturales,D.S. N° 0750-1974-AG,145065600000
-76.2376,-13.97972,Reserva Nacional,RN03,de Paracas,335000,VI - Uso sostenible de recursos naturales,D.S. N° 1281-1975-AG,180835200000
-77.36344,-11.37043,Reserva Nacional,RN04,de Lachay,5070,VI - Uso sostenible de recursos naturales,D.S. N° 310-1977-AG,235699200000
-69.85517,-15.31776,Reserva Nacional,RN05,del Titicaca,6850,VI - Uso sostenible de recursos naturales,D.S. N° 185-1978-AA,278640000000
-69.96514,-15.70474,Reserva Nacional,RN05,del Titicaca,29150,VI - Uso sostenible de recursos naturales,D.S. N° 185-1978-AA,278640000000
-78.3498,-8.5657,Reserva Nacional,RN07,de Calipuy,64000,VI - Uso sostenible de recursos naturales,D.S. N° 004-1981-AA,347760000000
-74.50222,-5.17033,Reserva Nacional,RN08,Pacaya-Samiria,2080000,VI - Uso sostenible de recursos naturales,D.S. N° 006-1972-PE,67824000000
-69.45237,-12.91468,Reserva Nacional,RN09,Tambopata,274690,VI - Uso sostenible de recursos naturales,D.S. N° 048-2000-AG,968025600000
-73.58712,-3.8851,Reserva Nacional,RN10,Allpahuayo Mishana,58069.9,VI - Uso sostenible de recursos naturales,D.S. N° 002-2004-AG,1074124800000
-77.23195,-11.79008,Reserva Nacional,RN13.16,"Sistema de Islas, Islotes y Puntas Guaneras - Islote Grupo de Pescadores",6913.23,VI - Uso sostenible de recursos naturales,D.S. N° 024-2009-MINAM,1262217600000
-77.22088,-12.13242,Reserva Nacional,RN13.17-18,"Sistema de Islas, Islotes y Puntas Guaneras - Islas Cavinzas e Islotes Palominos",5146.88,VI - Uso sostenible de recursos naturales,D.S. N° 024-2009-MINAM,1262217600000
-76.90879,-12.30568,Reserva Nacional,RN13.19,"Sistema de Islas, Islotes y Puntas Guaneras - Islas Pachacamac",4289.88,VI - Uso sostenible de recursos naturales,D.S. N° 024-2009-MINAM,1262217600000
-78.24153,-9.96016,Reserva Nacional,RN13.09,"Sistema de Islas, Islotes y Puntas Guaneras - Punta Culebras",2953.89,VI - Uso sostenible de recursos naturales,D.S. N° 024-2009-MINAM,1262217600000
-69.80499,-15.26263,Reserva Nacional,RN05,del Titicaca,130,VI - Uso sostenible de recursos naturales,D.S. N° 185-1978-AA,278640000000
-71.18089,-16.07054,Reserva Nacional,RN06,de Salinas y Aguada Blanca,366936,VI - Uso sostenible de recursos naturales,D.S. N° 070-1979-AA,303004800000
-75.20036,-15.38007,Reserva Nacional,RN13.28,"Sistema de Islas, Islotes y Puntas Guaneras - Punta San Juan",2968.8,VI - Uso sostenible de recursos naturales,D.S. N° 024-2009-MINAM,1262217600000
-74.86519,-15.57914,Reserva Nacional,RN13.29,"Sistema de Islas, Islotes y Puntas Guaneras - Punta Lomas",2404.26,VI - Uso sostenible de recursos naturales,D.S. N° 024-2009-MINAM,1262217600000
-73.71147,-16.2404,Reserva Nacional,RN13.30,"Sistema de Islas, Islotes y Puntas Guaneras - Punta Atico",3467.69,VI - Uso sostenible de recursos naturales,D.S. N° 024-2009-MINAM,1262217600000
-72.93159,-16.53672,Reserva Nacional,RN13.31,"Sistema de Islas, Islotes y Puntas Guaneras - Punta La Chira",2436.68,VI - Uso sostenible de recursos naturales,D.S. N° 024-2009-MINAM,1262217600000
-75.35365,-14.94283,Reserva Nacional,RN15,San Fernando,154716.37,VI - Uso sostenible de recursos naturales,D.S. N° 017-2011-MINAM,1310169600000
-75.83782,-12.11504,Reserva Paisajistica,RP01,Nor Yauyos-Cochas,221268.48,V - Paisajes de conservación y Recreación,D.S. N° 033-2001-AG,988675200000
-72.78727,-15.03518,Reserva Paisajistica,RP02,Subcuenca del Cotahuasi,490550,V - Paisajes de conservación y Recreación,D.S. N° 027-2005-AG,1116806400000
-79.06656,-6.85317,Refugio de Vida Silvestre,RVS03,Bosques Nublados de Udima,9849.64,IV - Conservar el hábitat por intervención controlada,D.S. N° 020-2011-MINAM,1311206400000
-79.49215,-6.34046,Refugio de Vida Silvestre,RVS01,Laquipampa,8328.64,IV - Conservar el hábitat por intervención controlada,D.S. N° 045-2006-AG,1152230400000
-76.98996,-12.21044,Refugio de Vida Silvestre,RVS02,Los Pantanos de Villa,263.27,IV - Conservar el hábitat por intervención controlada,D.S. N° 055-2006-AG,1156982400000
-79.02226,-6.78024,Refugio de Vida Silvestre,RVS03,Bosques Nublados de Udima,74.41,IV - Conservar el hábitat por intervención controlada,D.S. N° 020-2011-MINAM,1311206400000
-72.30276,-16.88613,Reserva Nacional,RN13.32,"Sistema de Islas, Islotes y Puntas Guaneras - Punta Hornillos",2684.19,VI - Uso sostenible de recursos naturales,D.S. N° 024-2009-MINAM,1262217600000
-80.25129,-3.93332,Reserva Nacional,RN11,de Tumbes,19266.72,VI - Uso sostenible de recursos naturales,D.S. N° 046-2006-AG,1152230400000
-73.51293,-5.66157,Reserva Nacional,RN12,Matsés,420635.34,VI - Uso sostenible de recursos naturales,D.S. N° 014-2009-MINAM,1251244800000
-80.86796,-6.444,Reserva Nacional,RN13.01,"Sistema de Islas, Islotes y Puntas Guaneras - Isla Lobos de Tierra",18278.9,VI - Uso sostenible de recursos naturales,D.S. N° 024-2009-MINAM,1262217600000
-80.7338,-6.94786,Reserva Nacional,RN13.02,"Sistema de Islas, Islotes y Puntas Guaneras - Islas Lobos de Afuera",8265.13,VI - Uso sostenible de recursos naturales,D.S. N° 024-2009-MINAM,1262217600000
-79.5074,-7.8139,Reserva Nacional,RN13.03,"Sistema de Islas, Islotes y Puntas Guaneras - Islas Macabí",8015.76,VI - Uso sostenible de recursos naturales,D.S. N° 024-2009-MINAM,1262217600000
-78.97197,-8.55989,Reserva Nacional,RN13.04-05,"Sistema de Islas, Islotes y Puntas Guaneras - Islas Guañape Norte y Guañape Sur",8487.36,VI - Uso sostenible de recursos naturales,D.S. N° 024-2009-MINAM,1262217600000
-78.80472,-8.75729,Reserva Nacional,RN13.06,"Sistema de Islas, Islotes y Puntas Guaneras - Isla Chao",4495.28,VI - Uso sostenible de recursos naturales,D.S. N° 024-2009-MINAM,1262217600000
-78.70731,-8.94513,Reserva Nacional,RN13.07,"Sistema de Islas, Islotes y Puntas Guaneras - Islote Corcovado",5228.21,VI - Uso sostenible de recursos naturales,D.S. N° 024-2009-MINAM,1262217600000
-77.682,-11.32885,Reserva Nacional,RN13.13-15,"Sistema de Islas, Islotes y Puntas Guaneras - Punta Salinas, Isla Huampanú e Isla Mazorca",14207.8,VI - Uso sostenible de recursos naturales,D.S. N° 024-2009-MINAM,1262217600000
-75.27574,-2.58086,Reserva Nacional,RN14,Pucacuro,637953.83,VI - Uso sostenible de recursos naturales,D.S. N° 015-2010-MINAM,1287792000000
-79.19084,-6.64985,Refugio de Vida Silvestre,RVS03,Bosques Nublados de Udima,2259.15,IV - Conservar el hábitat por intervención controlada,D.S. N° 020-2011-MINAM,1311206400000
-75.98008,-11.2136,Santuario Histórico,SH01,de Chacamarca,2500,III - Conservación de características naturales únicas,D.S. N° 0750-1974-AG,145065600000
-74.1175,-13.03443,Santuario Histórico,SH02,de la Pampa de Ayacucho,300,III - Conservación de características naturales únicas,D.S. N° 119-1980-AA,335059200000
-72.50056,-13.22866,Santuario Histórico,SH03,Machupicchu,32592,III - Conservación de características naturales únicas,D.S. N° 001-1981-AA,347760000000
-71.84972,-17.15639,Santuario Nacional,SN03,Lagunas de Mejía,690.6,III - Conservación de características naturales únicas,D.S. N° 015-1984-AG,446428800000
-72.90103,-13.57584,Santuario Nacional,SN04,de Ampay,3635.5,III - Conservación de características naturales únicas,D.S. N° 042-1987-AG,553996800000
-76.34323,-10.94641,Santuario Nacional,SN01,de Huayllay,6815,III - Conservación de características naturales únicas,D.S. N° 0750-1974-AG,145065600000
-79.77831,-6.46985,Santuario Histórico,SH04,Bosque de Pomac,5887.38,III - Conservación de características naturales únicas,D.S. N° 034-2001-AG,991353600000
-78.29719,-8.34922,Santuario Nacional,SN02,de Calipuy,4500,III - Conservación de características naturales únicas,D.S. N° 004-1981-AA,347760000000
-80.28568,-3.42773,Santuario Nacional,SN05,los Manglares de Tumbes,2972,III - Conservación de características naturales únicas,D.S. N° 018-1988-AG,573264000000
-72.49633,-12.25552,Santuario Nacional,SN06,Megantoni,215868.96,III - Conservación de características naturales únicas,D.S. N° 030-2004-AG,1092700800000
-75.48763,-11.0345,Santuario Nacional,SN07,Pampa Hermosa,11543.74,III - Conservación de características naturales únicas,D.S. N° 005-2009-MINAM,1238025600000
-79.2545,-5.1748,Santuario Nacional,SN08,Tabaconas-Namballe,32124.87,III - Conservación de características naturales únicas,D.S. N° 051-1988-AG,580089600000
-78.15947,-5.52625,Santuario Nacional,SN09,Cordillera de Colán,39215.8,III - Conservación de características naturales únicas,D.S. N° 021-2009-MINAM,1260316800000
-75.26833,-10.29436,Reserva Comunal,RC01,Yanesha,34744.7,VI - Uso sostenible de recursos naturales,R.S. N° 0193-1988-AG-DGFF,578188800000
-77.20955,-16.33398,Reserva Nacional,RN16,Dorsal de Nasca,6239205.75,VI - Uso sostenible de recursos naturales,D.S. Nº 008-2021-MINAM,1622851200000
-80.78928,-4.31193,Coto de Caza,CC01,El Angolo,65000,VI - Uso sostenible de recursos naturales,R.S. N° 0264-1975-AG,173404800000
-74.95985,-10.52102,Bosque de Protección,BP04,San Matias-San Carlos,145818,VI - Uso sostenible de recursos naturales,R.S. N° 0101-1987-AG/DGFF,543196800000
-81.04411,-5.96226,Reserva Nacional,RN17,Illescas,36550.7,VI - Uso sostenible de recursos naturales,D.S. N° 038-2021-MINAM,1640304000000
-80.45517,-3.97554,Parque Nacional,PN05,Cerros de Amotape,152045.13,II - Protección de Ecosistemas y Recreación,D.S. N° 0800-1975-AG,175219200000
-81.23738,-4.20979,Reserva Nacional,RN18,Mar Tropical de Grau,16618.66,VI - Uso sostenible de recursos naturales,D.S. N° 003-2024-MINAM,1714089600000
-81.16006,-3.51989,Reserva Nacional,RN18,Mar Tropical de Grau,51776.48,VI - Uso sostenible de recursos naturales,D.S. N° 003-2024-MINAM,1714089600000
-81.19441,-5.25072,Reserva Nacional,RN18,Mar Tropical de Grau,28845.65,VI - Uso sostenible de recursos naturales,D.S. N° 003-2024-MINAM,1714089600000
-80.98164,-3.92874,Reserva Nacional,RN18,Mar Tropical de Grau,18435.1,VI - Uso sostenible de recursos naturales,D.S. N° 003-2024-MINAM,1714089600000
-70.84207,-2.66495,Reserva Comunal,RC11,Bajo Putumayo Yaguas,160604.41,VI - Uso sostenible de recursos naturales,D.S. Nº 020-2025-MINAM,1758844800000
