lon,lat,lote,empresa,ubicacion,contrato,tipo_contrato,fase
-74.92184,-7.29406,31-B,MAPLE GAS CORPORATION DEL PERU SRL,SELVA CENTRAL,EXPLOTACION,LICENCIA,Explotación
-74.8435,-7.46298,31-E,MAPLE GAS CORPORATION DEL PERU SRL,SELVA CENTRAL,EXPLOTACION,LICENCIA,Explotación
-75.43055,-1.41997,67,PERENCO PERU LIMITED,SELVA NORTE,EXPLOTACION,LICENCIA,Explotación
-75.41681,-1.82851,67,PERENCO PERU LIMITED,SELVA NORTE,EXPLOTACION,LICENCIA,Explotación
-75.73251,-3.16063,8,PLUSPETROL NORTE S.A.,SELVA NORTE,EXPLOTACION,LICENCIA,Explotación
-75.39413,-3.44207,8,PLUSPETROL NORTE S.A.,SELVA NORTE,EXPLOTACION,LICENCIA,Explotación
-75.04042,-3.87971,8,PLUSPETROL NORTE S.A.,SELVA NORTE,EXPLOTACION,LICENCIA,Explotación
-75.34283,-3.95533,8,PLUSPETROL NORTE S.A.,SELVA NORTE,EXPLOTACION,LICENCIA,Explotación
-74.95362,-4.9106,8,PLUSPETROL NORTE S.A,SELVA NORTE,EXPLOTACION,LICENCIA,Explotación
-75.23958,-8.4232,31-C,AGUAYTIA ENERGY DEL PERU SRL,SELVA CENTRAL,EXPLOTACION,LICENCIA,Explotación
-80.70667,-3.63237,Z-1,BPZ EXPLORACION & PRODUCCION SRL,ZOCALO,EXPLOTACION,LICENCIA,Explotación
-80.66538,-3.6823,XX,PETROLERA MONTERRICO S.A.,NOR-OESTE,EXPLOTACION,LICENCIA,Explotación
-80.63382,-3.69723,XX,PETROLERA MONTERRICO S.A.,NOR-OESTE,EXPLOTACION,LICENCIA,Explotación
-80.97005,-4.01938,XX,PETROLERA MONTERRICO S.A.,NOR-OESTE,EXPLOTACION,LICENCIA,Explotación
-80.59759,-6.40089,Z-6,SAVIA PERU S.A.,ZOCALO,EXPLOTACION,LICENCIA,Explotación
-80.77291,-5.55257,XIII,OLYMPIC PERU INC,NOR-OESTE,EXPLOTACION,LICENCIA,Explotación
-81.07699,-4.14241,V,GMP S.A.,NOR-OESTE,EXPLOTACION,SERVICIOS,Explotación
-81.15937,-4.25924,X,CNPC PERU S.A.,NOR-OESTE,EXPLOTACION,LICENCIA,Explotación
-81.06957,-4.35135,II,PETROLERA MONTERRICO S.A.,NOR-OESTE,EXPLOTACION,LICENCIA,Explotación
-81.10796,-4.40576,XV,PETROLERA MONTERRICO S.A.,NOR-OESTE,EXPLOTACION,LICENCIA,Explotación
-81.22637,-4.49494,VI,SAPET DEVELOPMENT PERU INC,NOR-OESTE,EXPLOTACION,LICENCIA,Explotación
-81.16999,-4.55025,IX,EMPRESA PETROLERA UNIPETRO ABC S.A.,NOR-OESTE,EXPLOTACION,LICENCIA,Explotación
-81.24776,-4.5945,I,GMP S.A.,NOR-OESTE,EXPLOTACION,SERVICIOS,Explotación
-81.23144,-4.67392,VII,SAPET DEVELOPMENT PERU INC,NOR-OESTE,EXPLOTACION,LICENCIA,Explotación
-81.31561,-4.83176,Z-6,SAVIA PERU S.A.,ZOCALO,EXPLOTACION,LICENCIA,Explotación
-81.02541,-4.94951,XIII,OLYMPIC PERU INC,NOR-OESTE,EXPLOTACION,LICENCIA,Explotación
-81.14669,-4.74286,III,GMP S.A.,NOR-OESTE,EXPLOTACION,LICENCIA,Explotación
-81.13807,-4.54439,IV,GMP S.A.,NOR-OESTE,EXPLOTACION,LICENCIA,Explotación
-75.92552,-2.48116,192,PACIFIC STRATUS ENERGY DEL PERU S.A.,SELVA NORTE,EXPLOTACION,SERVICIOS,Explotación
-77.06355,-3.39733,64,PETROPERU S.A.,SELVA NORTE,EXPLOTACION,LICENCIA,Explotación
-75.0213,-9.21087,131,CEPSA PERU S.A.,SELVA CENTRAL,EXPLOTACION,LICENCIA,Explotación
-74.70951,-8.83483,31-D,MAPLE GAS CORPORATION DEL PERU SRL,SELVA CENTRAL,EXPLOTACION,LICENCIA,Explotación
-74.78296,-9.9167,131,CEPSA PERU S.A.,SELVA CENTRAL,EXPLOTACION,LICENCIA,Explotación
-73.45419,-11.33048,57,REPSOL EXPLORACION PERU,SELVA SUR,EXPLOTACION,LICENCIA,Explotación
-73.06841,-11.60864,56,PLUSPETROL PERU CORPORATION S.A.,SELVA SUR,EXPLOTACION,LICENCIA,Explotación
-72.62695,-11.78608,88,PLUSPETROL PERU CORPORATION S.A.,SELVA SUR,EXPLOTACION,LICENCIA,Explotación
-81.29105,-4.42276,Z-2B A,SAVIA PERÚ S.A.,ZOCALO,EXPLOTACION,OPERACIONES,Explotación
-81.23406,-4.97687,Z-2B B,SAVIA PERÚ S.A.,ZOCALO,EXPLOTACION,OPERACIONES,Explotación
-81.01942,-5.41699,Z-2B C,SAVIA PERÚ S.A.,ZOCALO,EXPLOTACION,OPERACIONES,Explotación
-80.99321,-5.5444,Z-2B D,SAVIA PERÚ S.A.,ZOCALO,EXPLOTACION,OPERACIONES,Explotación
-76.68952,-4.51925,144,KEI (PERU 112) PTY LTD.,SELVA NORTE,EXPLORACION,LICENCIA,Exploración
-76.38185,-6.30129,103,REPSOL EXPLORACION PERU,SELVA CENTRAL,EXPLORACION,LICENCIA,Exploración
-75.30136,-6.67556,183,HYDROCARBON EXPLORATION PLC,SELVA NORTE,EXPLORACION,LICENCIA,Exploración
-75.16539,-7.069,100,COMPAÑIA CONSULTORA DE PETROLEO S.A.,SELVA CENTRAL,EXPLORACION,LICENCIA,Exploración
-74.74065,-2.5537,129,GRAN TIERRA ENERGY PERU SRL,SELVA NORTE,EXPLORACION,LICENCIA,Exploración
-74.59245,-3.32913,123,GRAN TIERRA ENERGY PERU SRL,SELVA NORTE,EXPLORACION,LICENCIA,Exploración
-73.42156,-6.64773,135,PACIFIC STRATUS ENERGY S.A.,SELVA NORTE,EXPLORACION,LICENCIA,Exploración
-77.54625,-11.52122,Z-51,SAVIA PERU S.A.,ZOCALO,EXPLORACION,LICENCIA,Exploración
-77.45918,-12.07323,Z-52,SAVIA PERU S.A.,ZOCALO,EXPLORACION,LICENCIA,Exploración
-76.71232,-13.00326,Z-33,SAVIA PERU S.A.,ZOCALO,EXPLORACION,LICENCIA,Exploración
-79.08289,-9.73086,Z-48,SAVIA PERU S.A.,ZOCALO,EXPLORACION,LICENCIA,Exploración
-70.12451,-15.45898,105,SIBOIL DEL PERU S.A.,SIERRA SUR,EXPLORACION,LICENCIA,Exploración
-69.84085,-15.08135,105,SIBOIL DEL PERU,SIERRA SUR,EXPLORACION,LICENCIA,Exploración
-70.70583,-12.90841,76,HUNT OIL EXPLORATION AND PRODUCTION,SELVA SUR,EXPLORACION,LICENCIA,Exploración
-81.12627,-3.73296,Z-38,KEI PERU (Z-38) PTY LTD.,ZOCALO,EXPLORACION,LICENCIA,Exploración
-80.78737,-3.84061,XXIII,BPZ EXPLORACION & PRODUCCION SRL,NOR-OESTE,EXPLORACION,LICENCIA,Exploración
-81.08661,-6.3876,Z-45,SAVIA PERU S.A.,ZOCALO,EXPLORACION,LICENCIA,Exploración
-80.6247,-6.03143,XXVI,SAVIA PERU S.A.,NOR-OESTE,EXPLORACION,LICENCIA,Exploración
-80.4767,-5.51293,XXI,GOLD OIL PERU SAC,NOR-OESTE,EXPLORACION,LICENCIA,Exploración
-80.66354,-4.51098,XXII,BPZ EXPLORACION & PRODUCCION SRL,NOR-OESTE,EXPLORACION,LICENCIA,Exploración
-81.41203,-4.55041,Z-34,GOLD OIL PERU SAC,ZOCALO,EXPLORACION,LICENCIA,Exploración
-78.34876,-10.10153,Z-36,SAVIA PERU S.A.,ZOCALO,EXPLORACION,LICENCIA,Exploración
-79.21711,-8.86875,Z-35,SAVIA PERU S.A.,ZOCALO,EXPLORACION,LICENCIA,Exploración
-78.25785,-10.75765,Z-49,SAVIA PERU S.A.,ZOCALO,EXPLORACION,LICENCIA,Exploración
-80.25905,-4.87242,XXIX,RICOIL S.A.,NOR-OESTE,EXPLORACION,LICENCIA,Exploración
-79.82933,-7.40835,Z-35,SAVIA PERU S.A.,ZOCALO,EXPLORACION,LICENCIA,Exploración
-79.58211,-8.1024,Z-35,SAVIA PERU S.A.,ZOCALO,EXPLORACION,LICENCIA,Exploración
-81.03455,-5.90432,XXVII,"PETRO BAYOVAR INC., SUCURSAL DEL PERU",NOR-OESTE,EXPLORACION,LICENCIA,Exploración
-78.57272,-5.62484,145,ANDEAN EXPLORATION PERU S.A.C.,SELVA NORTE,EXPLORACION,LICENCIA,Exploración
-77.78791,-4.20389,116,PACIFIC STRATUS ENERGY S.A.,SELVA NORTE,EXPLORACION,LICENCIA,Exploración
-75.58404,-9.44197,133,PETROLIFERA PETROLEUM DEL PERU S.A.C,SELVA CENTRAL,EXPLORACION,LICENCIA,Exploración
-75.30324,-9.95516,107,PETROLIFERA PETROLEUM DEL PERU S.A.C.,SELVA CENTRAL,EXPLORACION,LICENCIA,Exploración
-73.64473,-9.36659,126,PETROMINERALES PERU S.A.,SELVA CENTRAL,EXPLORACION,LICENCIA,Exploración
-74.54117,-11.35335,108,PLUSPETROL E&P S.A.,SELVA SUR,EXPLORACION,LICENCIA,Exploración
-73.04964,-11.98956,58,CNPC PERU S.A.,SELVA SUR,EXPLORACION,LICENCIA,Exploración
-74.25526,-5.41564,95,GRAN TIERRA ENERGY PERU SRL,SELVA NORTE,EXPLORACION,LICENCIA,Exploración
-75.42955,-2.07276,39,PERENCO PERU LIMITED,SELVA NORTE,EXPLORACION,LICENCIA,Exploración
-75.21535,-1.71002,39,PERENCO PERU LIMITED,SELVA NORTE,EXPLORACION,LICENCIA,Exploración
