lon,lat,punto,componentes,n_componentes,informe,evaluacion,registros
-76.436378,-2.801308,S0352-AS-001,Agua,1,INFORME N° 00023-2023-OEFA/DEAM-SSIM,Evaluación ambiental para la identificación del sitio impactado por actividades de hidrocarburos con código S0352,63
-76.435749,-2.80177,S0352-AS-002,Agua,1,INFORME N° 00023-2023-OEFA/DEAM-SSIM,Evaluación ambiental para la identificación del sitio impactado por actividades de hidrocarburos con código S0352,63
-76.43567,-2.803335,S0353-AS-001,Agua,1,INFORME N° 00034-2023-OEFA/DEAM-SSIM,Evaluación ambiental para la identificación del sitio impactado por actividades de hidrocarburos con código S0353,64
-76.435616,-2.802675,S0353-AS-003,Agua,1,INFORME N° 00034-2023-OEFA/DEAM-SSIM,Evaluación ambiental para la identificación del sitio impactado por actividades de hidrocarburos con código S0353,64
-76.435571,-2.803091,S0353-AS-002,Agua,1,INFORME N° 00034-2023-OEFA/DEAM-SSIM,Evaluación ambiental para la identificación del sitio impactado por actividades de hidrocarburos con código S0353,64
-76.433448,-2.810202,S0348-AS-004,Agua,1,INFORME N° 00016-2023-OEFA/DEAM-SSIM,Evaluación ambiental para la identificación del sitio impactado por actividades de hidrocarburos con código S0348,64
-76.433141,-2.809144,S0348-AS-001,Agua,1,INFORME N° 00016-2023-OEFA/DEAM-SSIM,Evaluación ambiental para la identificación del sitio impactado por actividades de hidrocarburos con código S0348,64
-76.433096,-2.809515,S0348-AS-002,Agua,1,INFORME N° 00016-2023-OEFA/DEAM-SSIM,Evaluación ambiental para la identificación del sitio impactado por actividades de hidrocarburos con código S0348,64
-76.432989,-2.809958,S0348-AS-003,Agua,1,INFORME N° 00016-2023-OEFA/DEAM-SSIM,Evaluación ambiental para la identificación del sitio impactado por actividades de hidrocarburos con código S0348,64
-76.432927,-2.8107,S0348-AS-005,Agua,1,INFORME N° 00016-2023-OEFA/DEAM-SSIM,Evaluación ambiental para la identificación del sitio impactado por actividades de hidrocarburos con código S0348,64
-76.432224,-2.809308,S0348-AS-006,Agua,1,INFORME N° 00016-2023-OEFA/DEAM-SSIM,Evaluación ambiental para la identificación del sitio impactado por actividades de hidrocarburos con código S0348,64
-76.418424,-2.815493,S0350-AS-003,Agua,1,INFORME N° 00044-2023-OEFA/DEAM-SSIM,Evaluación ambiental para la identificación del sitio impactado por actividades de hidrocarburos con código S0350,63
-76.417741,-2.815919,S0350-AS-002,Agua,1,INFORME N° 00044-2023-OEFA/DEAM-SSIM,Evaluación ambiental para la identificación del sitio impactado por actividades de hidrocarburos con código S0350,63
-76.417273,-2.815621,S0350-AS-001,Agua,1,INFORME N° 00044-2023-OEFA/DEAM-SSIM,Evaluación ambiental para la identificación del sitio impactado por actividades de hidrocarburos con código S0350,63
-76.433141,-2.809144,S0348-AS-DUP,Agua,1,INFORME N° 00016-2023-OEFA/DEAM-SSIM,Evaluación ambiental para la identificación del sitio impactado por actividades de hidrocarburos con código S0348,64
-76.435749,-2.80177,S0352-AS-002-DUP,Agua,1,INFORME N° 00023-2023-OEFA/DEAM-SSIM,Evaluación ambiental para la identificación del sitio impactado por actividades de hidrocarburos con código S0352,44
-76.431181,-2.810096,S0371-SED-001,Sedimento,1,INFORME N° 00004-2023-OEFA/DEAM-SSIM,Evaluación ambiental para la identificación del sitio impactado por actividades de hidrocarburos con código S0371,51
-76.431442,-2.810114,S0371-SED-002,Sedimento,1,INFORME N° 00004-2023-OEFA/DEAM-SSIM,Evaluación ambiental para la identificación del sitio impactado por actividades de hidrocarburos con código S0371,51
-76.431658,-2.809987,S0371-SED-003,Sedimento,1,INFORME N° 00004-2023-OEFA/DEAM-SSIM,Evaluación ambiental para la identificación del sitio impactado por actividades de hidrocarburos con código S0371,51
-76.433448,-2.810202,S0348-SED-004,Sedimento,1,INFORME N° 00016-2023-OEFA/DEAM-SSIM,Evaluación ambiental para la identificación del sitio impactado por actividades de hidrocarburos con código S0348,52
-76.433141,-2.809144,S0348-SED-001,Sedimento,1,INFORME N° 00016-2023-OEFA/DEAM-SSIM,Evaluación ambiental para la identificación del sitio impactado por actividades de hidrocarburos con código S0348,52
-76.433096,-2.809515,S0348-SED-002,Sedimento,1,INFORME N° 00016-2023-OEFA/DEAM-SSIM,Evaluación ambiental para la identificación del sitio impactado por actividades de hidrocarburos con código S0348,52
-76.432989,-2.809958,S0348-SED-003,Sedimento,1,INFORME N° 00016-2023-OEFA/DEAM-SSIM,Evaluación ambiental para la identificación del sitio impactado por actividades de hidrocarburos con código S0348,52
-76.432927,-2.8107,S0348-SED-005,Sedimento,1,INFORME N° 00016-2023-OEFA/DEAM-SSIM,Evaluación ambiental para la identificación del sitio impactado por actividades de hidrocarburos con código S0348,52
-76.432224,-2.809308,S0348-SED-006,Sedimento,1,INFORME N° 00016-2023-OEFA/DEAM-SSIM,Evaluación ambiental para la identificación del sitio impactado por actividades de hidrocarburos con código S0348,52
-76.436378,-2.801308,S0352-SED-001,Sedimento,1,INFORME N° 00023-2023-OEFA/DEAM-SSIM,Evaluación ambiental para la identificación del sitio impactado por actividades de hidrocarburos con código S0352,52
-76.435749,-2.80177,S0352-SED-002,Sedimento,1,INFORME N° 00023-2023-OEFA/DEAM-SSIM,Evaluación ambiental para la identificación del sitio impactado por actividades de hidrocarburos con código S0352,52
-76.436049,-2.803995,S0366-SED-001,Sedimento,1,INFORME N° 00024-2023-OEFA/DEAM-SSIM,Evaluación ambiental para la identificación del sitio impactado por actividades de hidrocarburos con código S0366,51
-76.435915,-2.804854,S0366-SED-002,Sedimento,1,INFORME N° 00024-2023-OEFA/DEAM-SSIM,Evaluación ambiental para la identificación del sitio impactado por actividades de hidrocarburos con código S0366,51
-76.43514,-2.803525,S0366-SED-003,Sedimento,1,INFORME N° 00024-2023-OEFA/DEAM-SSIM,Evaluación ambiental para la identificación del sitio impactado por actividades de hidrocarburos con código S0366,51
-76.435617,-2.804004,S0366-SED-004,Sedimento,1,INFORME N° 00024-2023-OEFA/DEAM-SSIM,Evaluación ambiental para la identificación del sitio impactado por actividades de hidrocarburos con código S0366,51
-76.435421,-2.804981,S0366-SED-005,Sedimento,1,INFORME N° 00024-2023-OEFA/DEAM-SSIM,Evaluación ambiental para la identificación del sitio impactado por actividades de hidrocarburos con código S0366,51
-76.43567,-2.803335,S0353-SED-001,Sedimento,1,INFORME N° 00034-2023-OEFA/DEAM-SSIM,Evaluación ambiental para la identificación del sitio impactado por actividades de hidrocarburos con código S0353,52
-76.435616,-2.802675,S0353-SED-003,Sedimento,1,INFORME N° 00034-2023-OEFA/DEAM-SSIM,Evaluación ambiental para la identificación del sitio impactado por actividades de hidrocarburos con código S0353,52
-76.435571,-2.803091,S0353-SED-002,Sedimento,1,INFORME N° 00034-2023-OEFA/DEAM-SSIM,Evaluación ambiental para la identificación del sitio impactado por actividades de hidrocarburos con código S0353,52
-76.418424,-2.815493,S0350-SED-003,Sedimento,1,INFORME N° 00044-2023-OEFA/DEAM-SSIM,Evaluación ambiental para la identificación del sitio impactado por actividades de hidrocarburos con código S0350,19
-76.431784,-2.80986,S0371-SU-006,Suelo,1,INFORME N° 00004-2023-OEFA/DEAM-SSIM,Evaluación ambiental para la identificación del sitio impactado por actividades de hidrocarburos con código S0371,57
-76.431739,-2.809842,S0371-SU-001,Suelo,1,INFORME N° 00004-2023-OEFA/DEAM-SSIM,Evaluación ambiental para la identificación del sitio impactado por actividades de hidrocarburos con código S0371,57
-76.431604,-2.810231,S0371-SU-005,Suelo,1,INFORME N° 00004-2023-OEFA/DEAM-SSIM,Evaluación ambiental para la identificación del sitio impactado por actividades de hidrocarburos con código S0371,57
-76.431523,-2.809644,S0371-SU-007,Suelo,1,INFORME N° 00004-2023-OEFA/DEAM-SSIM,Evaluación ambiental para la identificación del sitio impactado por actividades de hidrocarburos con código S0371,57
-76.431272,-2.810404,S0371-SU-004,Suelo,1,INFORME N° 00004-2023-OEFA/DEAM-SSIM,Evaluación ambiental para la identificación del sitio impactado por actividades de hidrocarburos con código S0371,57
-76.431235,-2.809924,S0371-SU-002,Suelo,1,INFORME N° 00004-2023-OEFA/DEAM-SSIM,Evaluación ambiental para la identificación del sitio impactado por actividades de hidrocarburos con código S0371,57
-76.431082,-2.810142,S0371-SU-003,Suelo,1,INFORME N° 00004-2023-OEFA/DEAM-SSIM,Evaluación ambiental para la identificación del sitio impactado por actividades de hidrocarburos con código S0371,57
-76.424606,-2.817702,S0364-SU-004,Suelo,1,INFORME N° 00007-2023-OEFA/DEAM-SSIM,Evaluación ambiental para la identificación del sitio impactado por actividades de hidrocarburos con código S0364,61
-76.424507,-2.817575,S0364-SU-005,Suelo,1,INFORME N° 00007-2023-OEFA/DEAM-SSIM,Evaluación ambiental para la identificación del sitio impactado por actividades de hidrocarburos con código S0364,61
-76.42448,-2.817286,S0364-SU-007,Suelo,1,INFORME N° 00007-2023-OEFA/DEAM-SSIM,Evaluación ambiental para la identificación del sitio impactado por actividades de hidrocarburos con código S0364,61
-76.424418,-2.817874,S0364-SU-003,Suelo,1,INFORME N° 00007-2023-OEFA/DEAM-SSIM,Evaluación ambiental para la identificación del sitio impactado por actividades de hidrocarburos con código S0364,61
-76.424418,-2.817874,S0364-SU-DUP1,Suelo,1,INFORME N° 00007-2023-OEFA/DEAM-SSIM,Evaluación ambiental para la identificación del sitio impactado por actividades de hidrocarburos con código S0364,61
-76.424265,-2.81763,S0364-SU-001,Suelo,1,INFORME N° 00007-2023-OEFA/DEAM-SSIM,Evaluación ambiental para la identificación del sitio impactado por actividades de hidrocarburos con código S0364,61
-76.42422,-2.817802,S0364-SU-006,Suelo,1,INFORME N° 00007-2023-OEFA/DEAM-SSIM,Evaluación ambiental para la identificación del sitio impactado por actividades de hidrocarburos con código S0364,61
-76.424166,-2.817702,S0364-SU-002,Suelo,1,INFORME N° 00007-2023-OEFA/DEAM-SSIM,Evaluación ambiental para la identificación del sitio impactado por actividades de hidrocarburos con código S0364,61
-76.433709,-2.810509,S0348-SU-001,Suelo,1,INFORME N° 00016-2023-OEFA/DEAM-SSIM,Evaluación ambiental para la identificación del sitio impactado por actividades de hidrocarburos con código S0348,61
-76.433709,-2.810509,S0348-SU-PROF1,Suelo,1,INFORME N° 00016-2023-OEFA/DEAM-SSIM,Evaluación ambiental para la identificación del sitio impactado por actividades de hidrocarburos con código S0348,51
-75.864881,-2.319,S0464-HB-001,Biota,1,INFORME N° 00032-2022-OEFA/DEAM-SSIM,Evaluación ambiental para la identificación del sitio impactado por actividades de hidrocarburos con código S0464,72
-75.864901,-2.322357,S0464-HB-005,Biota,1,INFORME N° 00032-2022-OEFA/DEAM-SSIM,Evaluación ambiental para la identificación del sitio impactado por actividades de hidrocarburos con código S0464,48
-75.866662,-2.31975,S0464-HB-002,Biota,1,INFORME N° 00032-2022-OEFA/DEAM-SSIM,Evaluación ambiental para la identificación del sitio impactado por actividades de hidrocarburos con código S0464,73
-75.865611,-2.321415,S0464-HB-003,Biota,1,INFORME N° 00032-2022-OEFA/DEAM-SSIM,Evaluación ambiental para la identificación del sitio impactado por actividades de hidrocarburos con código S0464,73
-75.864083,-2.322782,S0464-HB-004,Biota,1,INFORME N° 00032-2022-OEFA/DEAM-SSIM,Evaluación ambiental para la identificación del sitio impactado por actividades de hidrocarburos con código S0464,73
-76.230339,-2.594648,S0261-HB-001-O,Biota,1,INFORME N° 00076-2022-OEFA/DEAM-SSIM,Evaluación ambiental para la identificación del sitio impactado por actividades de hidrocarburos con código S0261,23
-76.230339,-2.594648,S0261-HB-001-P,Biota,1,INFORME N° 00076-2022-OEFA/DEAM-SSIM,Evaluación ambiental para la identificación del sitio impactado por actividades de hidrocarburos con código S0261,23
-76.229744,-2.594097,S0261-HB-002-O,Biota,1,INFORME N° 00076-2022-OEFA/DEAM-SSIM,Evaluación ambiental para la identificación del sitio impactado por actividades de hidrocarburos con código S0261,23
-76.229744,-2.594097,S0261-HB-002-P,Biota,1,INFORME N° 00076-2022-OEFA/DEAM-SSIM,Evaluación ambiental para la identificación del sitio impactado por actividades de hidrocarburos con código S0261,23
-76.229744,-2.594097,S0261-HB-002,Biota,1,INFORME N° 00076-2022-OEFA/DEAM-SSIM,Evaluación ambiental para la identificación del sitio impactado por actividades de hidrocarburos con código S0261,3
-75.862395,-2.327324,S0473-HB-001,Biota,1,INFORME N° 00004-2022-OEFA/DEAM-SSIM,Evaluación ambiental para la identificación del sitio impactado por actividades de hidrocarburos con código S0473,32
-75.862143,-2.326945,S0473-HB-002,Biota,1,INFORME N° 00004-2022-OEFA/DEAM-SSIM,Evaluación ambiental para la identificación del sitio impactado por actividades de hidrocarburos con código S0473,19
-75.867339,-2.322997,S0471-HB-005-O,Biota,1,INFORME N° 00003-2022-OEFA/DEAM-SSIM,Evaluación ambiental para la identificación del sitio impactado por actividades de hidrocarburos con código S0471,19
-75.867339,-2.322997,S0471-HB-005-P-R1,Biota,1,INFORME N° 00003-2022-OEFA/DEAM-SSIM,Evaluación ambiental para la identificación del sitio impactado por actividades de hidrocarburos con código S0471,19
-75.867339,-2.322997,S0471-HB-005-P-R2,Biota,1,INFORME N° 00003-2022-OEFA/DEAM-SSIM,Evaluación ambiental para la identificación del sitio impactado por actividades de hidrocarburos con código S0471,19
-75.867339,-2.322997,S0471-HB-005-P-R3,Biota,1,INFORME N° 00003-2022-OEFA/DEAM-SSIM,Evaluación ambiental para la identificación del sitio impactado por actividades de hidrocarburos con código S0471,19
-75.867339,-2.322997,S0471-HB-005,Biota,1,INFORME N° 00003-2022-OEFA/DEAM-SSIM,Evaluación ambiental para la identificación del sitio impactado por actividades de hidrocarburos con código S0471,4
-75.868119,-2.319369,S0463-HB-004-O,Biota,1,INFORME N° 00010-2022-OEFA/DEAM-SSIM,Evaluación ambiental para la identificación del sitio impactado por actividades de hidrocarburos con código S0463,39
-75.868119,-2.319369,S0463-HB-004-P-R1,Biota,1,INFORME N° 00010-2022-OEFA/DEAM-SSIM,Evaluación ambiental para la identificación del sitio impactado por actividades de hidrocarburos con código S0463,39
-75.868119,-2.319369,S0463-HB-004-P-R2,Biota,1,INFORME N° 00010-2022-OEFA/DEAM-SSIM,Evaluación ambiental para la identificación del sitio impactado por actividades de hidrocarburos con código S0463,39
-75.868119,-2.319369,S0463-HB-004-P-R3,Biota,1,INFORME N° 00010-2022-OEFA/DEAM-SSIM,Evaluación ambiental para la identificación del sitio impactado por actividades de hidrocarburos con código S0463,39
-75.868596,-2.319568,S0463-HB-003-O,Biota,1,INFORME N° 00010-2022-OEFA/DEAM-SSIM,Evaluación ambiental para la identificación del sitio impactado por actividades de hidrocarburos con código S0463,39
-75.868596,-2.319568,S0463-HB-003-P-R1,Biota,1,INFORME N° 00010-2022-OEFA/DEAM-SSIM,Evaluación ambiental para la identificación del sitio impactado por actividades de hidrocarburos con código S0463,39
-75.868596,-2.319568,S0463-HB-003-P-R2,Biota,1,INFORME N° 00010-2022-OEFA/DEAM-SSIM,Evaluación ambiental para la identificación del sitio impactado por actividades de hidrocarburos con código S0463,39
-75.868596,-2.319568,S0463-HB-003-P-R3,Biota,1,INFORME N° 00010-2022-OEFA/DEAM-SSIM,Evaluación ambiental para la identificación del sitio impactado por actividades de hidrocarburos con código S0463,39
-75.868596,-2.319568,S0463-HB-003,Biota,1,INFORME N° 00010-2022-OEFA/DEAM-SSIM,Evaluación ambiental para la identificación del sitio impactado por actividades de hidrocarburos con código S0463,5
-75.868119,-2.319369,S0463-HB-004,Biota,1,INFORME N° 00010-2022-OEFA/DEAM-SSIM,Evaluación ambiental para la identificación del sitio impactado por actividades de hidrocarburos con código S0463,8
-75.864901,-2.322357,S0464-HB-005-O,Biota,1,INFORME N° 00032-2022-OEFA/DEAM-SSIM,Evaluación ambiental para la identificación del sitio impactado por actividades de hidrocarburos con código S0464,27
-75.864901,-2.322357,S0464-HB-005-P,Biota,1,INFORME N° 00032-2022-OEFA/DEAM-SSIM,Evaluación ambiental para la identificación del sitio impactado por actividades de hidrocarburos con código S0464,27
-75.866085,-2.317218,S0462-HB-001,Biota,1,INFORME N° 00011-2022-OEFA/DEAM-SSIM,Evaluación ambiental para la identificación del sitio impactado por actividades de hidrocarburos con código S0462,14
-75.866518,-2.318493,S0462-HB-002,Biota,1,INFORME N° 00011-2022-OEFA/DEAM-SSIM,Evaluación ambiental para la identificación del sitio impactado por actividades de hidrocarburos con código S0462,19
-75.866536,-2.319361,S0462-HB-003,Biota,1,INFORME N° 00011-2022-OEFA/DEAM-SSIM,Evaluación ambiental para la identificación del sitio impactado por actividades de hidrocarburos con código S0462,20
-76.191265,-2.776602,S0392-HB-001,Biota,1,INFORME N° 00102-2021-OEFA/DEAM-SSIM,Evaluación Ambiental para la identificación del sitio impactado por actividades de hidrocarburos con código S0392,2
