lon,lat,administrado,unidad,subsector,riesgo,peligro,vulnerabilidad,pasivo_minero,pasivo_hidrocarburo,conflicto_socioamb
-77.85319,-8.81037,ENGIE ENERGIA PERU S.A.,C.H. Quitaracsa I,Electricidad,Alto,Alto,Alto,0,Sin pasivo,Sin conflicto
-78.11692,-6.80651,CONCESIONARIA LINEA DE TRANSMISION CCNCM S.A.C.,L.T. 220 kV Carhuaquero - Cajamarca Norte - Caclic - Moyobamba,Electricidad,Alto,Moderado,Muy alto,0,Sin pasivo,Sin conflicto
-72.86912,-13.66607,CONSORCIO TRANSMANTARO S.A.,L.T. 220 kV S.E. Machupicchu - S.E. Abancay - S.E. Cotaruse,Electricidad,Alto,Alto,Muy alto,0,Sin pasivo,Sin conflicto
-75.72832,-11.9366,RED DE ENERGIA DEL PERU SA,L.T. 220 kV C.H. Mantaro - S.E. Pachachaca - S.E. Callahuanca,Electricidad,Alto,Alto,Muy alto,0,Sin pasivo,Sin conflicto
-73.02896,-14.61449,CONSORCIO TRANSMANTARO S.A.,L.T. 220 kV S.E. Mantaro - S.E. Socabaya,Electricidad,Alto,Moderado,Muy alto,0,Sin pasivo,Sin conflicto
-80.9302,-4.19599,RED DE ENERGIA DEL PERU SA,L.T. 220 kV S.E. Talara - S.E. Zorritos,Electricidad,Alto,Moderado,Alto,0,Medio,Sin conflicto
-70.02001,-15.1452,EMPRESA REGIONAL DE SERVICIO PUBLICO DE ELECTRICIDAD DE PUNO SOCIEDAD ANONIMA ABIERTA,"Z.C. Puno (S.E.T. Bellavista (Puno), S.E.T. Pomata, S.E.T. Ilave, S.E.T. Antauta, S.E.T. Ananea, S.E.T. Huancané y Almacenes)",Electricidad,Alto,Moderado,Muy alto,11-más,Medio,Sin conflicto
-70.2963,-18.07612,EMP.REG.SERV.PUB.ELECT.ELECTROSUR S.A.,Z.C. Tacna,Electricidad,Alto,Moderado,Muy alto,11-más,Sin pasivo,Sin conflicto
-80.62785,-5.18663,ELECTRONOROESTE S.A,U.N. Piura,Electricidad,Alto,Moderado,Muy alto,0,Alto,Sin conflicto
-76.1293,-13.79489,ELECTRO DUNAS S.A.A.,Zona de Concesión Ica,Electricidad,Alto,Moderado,Muy alto,11-más,Medio,Sin conflicto
-70.86282,-17.12649,EMP.REG.SERV.PUB.ELECT.ELECTROSUR S.A.,Z.C. Moquegua,Electricidad,Alto,Moderado,Muy alto,11-más,Sin pasivo,Sin conflicto
-76.24507,-12.94896,LUZ DEL SUR S.A.A.,Z.C. Cañete,Electricidad,Alto,Moderado,Muy alto,0,Sin pasivo,Sin conflicto
-79.83614,-6.02203,EMP REG DE SERV PUB DE ELECT DL NORTE SA,U.N. Chiclayo,Electricidad,Alto,Moderado,Muy alto,0,Sin pasivo,Sin conflicto
-77.18276,-11.48095,PLUZ ENERGÍA PERÚ S.A.A.,"Centros de servicio: Huacho, Huaral y Supe",Electricidad,Alto,Alto,Alto,1-5,Sin pasivo,Sin conflicto
-80.34928,-3.4759,ELECTRONOROESTE S.A,U.N. Tumbes,Electricidad,Alto,Alto,Muy alto,0,Medio,Sin conflicto
-75.33126,-11.99036,ELECTROCENTRO S.A.,U.N. Valle Del Mantaro,Electricidad,Alto,Moderado,Muy alto,1-5,Sin pasivo,Sin conflicto
-76.81412,-12.27135,LUZ DEL SUR S.A.A.,Z.C. Lima - Sur,Electricidad,Alto,Moderado,Muy alto,11-más,Alto,Sin conflicto
-73.5363,-13.63051,ELECTRO SUR ESTE S.A.A.,Zona de Concesión Abancay,Electricidad,Alto,Moderado,Muy alto,6-10,Sin pasivo,Sin conflicto
-77.87287,-6.23102,EMP REG DE SERV PUBLICO DE ELECTRICIDAD,U.N. Chachapoyas,Electricidad,Alto,Alto,Alto,0,Sin pasivo,Sin conflicto
-75.74963,-11.84038,STATKRAFT PERU S.A.,L.T. 60 kV S.E. Oroya Nueva - S.E. Pachacayo - S.E. Yauricocha,Electricidad,Alto,Moderado,Muy alto,1-5,Sin pasivo,Sin conflicto
-79.46077,-7.10104,CONSORCIO TRANSMANTARO S.A.,L.T. 500 kV Trujillo - Chiclayo (La Niña),Electricidad,Alto,Moderado,Muy alto,0,Sin pasivo,Sin conflicto
-71.50278,-14.70554,ATN 1 S.A.,L.T. 220 kV S.E. Tintaya Nueva - S.E. Constancia,Electricidad,Alto,Alto,Moderado,0,Sin pasivo,Sin conflicto
-71.41472,-15.75126,TRANSMISORA ELECTRICA DEL SUR S.A.C - TESUR,"L.T. 220 kV S.E. Tintaya Nueva - S.E. Socabaya, L.T. 138 kV S.E. Tintaya Nueva - S.E. Tintaya Existente",Electricidad,Alto,Moderado,Alto,0,Sin pasivo,Sin conflicto
-78.84158,-7.41683,CONELSUR LT S.A.C.,"L.T. 220 kV S.E. Trujillo Norte - S.E. Cajamarca Norte, L.T. 60 kV S.E. Cajamarca Norte - S.E. La Pajuela",Electricidad,Alto,Alto,Moderado,0,Sin pasivo,Sin conflicto
-77.79686,-10.65653,AGRO INDUSTRIAL PARAMONGA SOCIEDAD ANÓNIMA - AGRO INDUSTRIAL PARAMONGA S.A.,Planta Paramonga,Industria,Alto,Alto,Alto,0,Sin pasivo,Sin conflicto
-78.8909,-8.3021,AGROINDUSTRIAL LAREDO S.A.A.,Planta Laredo,Industria,Alto,Alto,Alto,0,Sin pasivo,Sin conflicto
-78.33181,-9.18722,AGROINDUSTRIAS SAN JACINTO S A A,Planta San Jacinto,Industria,Alto,Alto,Alto,0,Sin pasivo,Sin conflicto
-79.22162,-7.89847,CARTAVIO SOCIEDAD ANONIMA ABIERTA,Planta Santiago de Cao,Industria,Alto,Alto,Alto,0,Sin pasivo,Sin conflicto
-76.40843,-6.49131,EMP REG DE SERV PUBLICO DE ELECTRICIDAD,"U.N. Tarapoto, U.N. Moyobamba, U.N. Bellavista, U.N. Yurimaguas",Electricidad,Alto,Alto,Alto,0,Sin pasivo,Sin conflicto
-76.03093,-13.47542,ATLANTICA TRANSMISION SUR S.A.,"L.T. 500 kV S.E. Chilca - S.E. Marcona Nueva - S.E. Ocoña - S.E. Montalvo 2 y Subestaciones, L.T. 220 kV S.E. Marcona Nueva - S.E. Marcona Existente, L.T. 220 kV S.E. Montalvo Nueva - S.E. Montalvo Existente",Electricidad,Alto,Moderado,Muy alto,0,Sin pasivo,Sin conflicto
-73.29303,-3.77522,EMP REG DE SERV PUBLICO DE ELECTRICIDAD,U.N. Iquitos,Electricidad,Alto,Moderado,Muy alto,0,Sin pasivo,Sin conflicto
-74.17965,-13.05201,ELECTROCENTRO S.A.,U.N. Ayacucho,Electricidad,Alto,Moderado,Muy alto,11-más,Sin pasivo,Sin conflicto
-79.37488,-6.87433,ELECTRO  ZAÑA  S.A.C.,L.T. C.H. Zaña - S.E. Cayalti,Electricidad,Alto,Alto,Moderado,0,Sin pasivo,Sin conflicto
-70.11659,-15.37639,TRANSMISORA ELECTRICA DEL SUR 2 S.A.C. TESUR 2,L.T. 220 kV Azángaro - Juliaca - Puno y Subestaciones Asociadas,Electricidad,Alto,Alto,Muy alto,0,Sin pasivo,Sin conflicto
-77.0578,-11.84464,CERAMICOS PERUANOS S A,Planta de Fabricación de Ladrillos Pirámide,Industria,Alto,Alto,Moderado,0,Sin pasivo,Sin conflicto
-80.95699,-4.01862,PETROLERA MONTERRICO S.A,Lote XX,Hidrocarburos,Alto,Alto,Alto,0,Medio,Sin conflicto
-80.78775,-3.83541,UPLAND OIL AND GAS LLC SUCURSAL DEL PERU,Lote XXIII,Hidrocarburos,Alto,Moderado,Alto,0,Medio,Sin conflicto
-81.08305,-5.15457,UPLAND OIL AND GAS LLC SUCURSAL DEL PERU,Lote XXIV,Hidrocarburos,Alto,Moderado,Alto,0,Sin pasivo,Sin conflicto
-80.74733,-3.63244,VIGO ENERGY S.R.L.,Lote Z-1,Hidrocarburos,Alto,Alto,Alto,0,Medio,Sin conflicto
-81.29908,-4.44161,NOREX ENERGIA S.A.; PETROLEOS DEL PERU PETROPERU SA,Lote Z-69 (Ex Lote Z-2B),Hidrocarburos,Alto,Alto,Alto,0,Medio,Sin conflicto
-75.24752,-12.00872,SOLGAS S.A.,Planta Huancayo,Hidrocarburos,Alto,Alto,Alto,0,Sin pasivo,Sin conflicto
-78.35906,-5.28213,PETROLEOS DEL PERU PETROPERU SA,Oleoducto Nor Peruano,Hidrocarburos,Muy alto,Muy alto,Muy alto,1-5,Bajo,Alto
-81.15061,-4.24486,CNPC PERU S.A.; OIG PERU S.A.C.,Lote X,Hidrocarburos,Alto,Alto,Alto,0,Medio,Sin conflicto
-80.76721,-5.48796,OLYMPIC PERU INC SUCURSAL DEL PERU,Lote XIII,Hidrocarburos,Alto,Alto,Alto,0,Medio,Sin conflicto
-80.36108,-3.66795,BPZ EXPLORACION & PRODUCCION S.R.L.,Lote XIX,Hidrocarburos,Alto,Moderado,Muy alto,0,Medio,Sin conflicto
-73.51601,-6.74852,FRONTERA ENERGY DEL PERU S.A.,Lote 135,Hidrocarburos,Alto,Moderado,Alto,0,Sin pasivo,Sin conflicto
-73.04186,-11.64377,PLUSPETROL PERU CORPORATION S.A.,Lote 56,Hidrocarburos,Alto,Moderado,Alto,0,Sin pasivo,Sin conflicto
-81.22954,-4.48868,PETROLEOS DEL PERU PETROPERU SA,Lote VI,Hidrocarburos,Alto,Alto,Moderado,0,Medio,Sin conflicto
-73.42381,-11.31813,REPSOL EXPLORACION PERU SUCURSAL DEL PER U,Lote 57,Hidrocarburos,Alto,Alto,Alto,0,Sin pasivo,Sin conflicto
-73.06527,-11.9764,CNPC PERU S.A.,Lote 58,Hidrocarburos,Alto,Moderado,Alto,0,Sin pasivo,Sin conflicto
-75.58885,-14.45356,CONTUGAS S.A.C.,Sistema de Distribución de Gas Natural por Red de Ductos de Ica,Hidrocarburos,Alto,Moderado,Muy alto,1-5,Sin pasivo,Sin conflicto
-75.37895,-3.4179,PLUSPETROL NORTE S.A.; UPLAND OIL AND GAS LLC SUCURSAL DEL PERU,Lote 8,Hidrocarburos,Alto,Alto,Alto,0,Sin pasivo,Alto
-76.99292,-12.05445,GAS NATURAL DE LIMA Y CALLAO S.A.,Sistema de Distribución de Gas Natural por Red de Ductos de Lima y Callao,Hidrocarburos,Alto,Alto,Muy alto,0,Alto,Sin conflicto
-75.16713,-7.06145,COMPAÑIA CONSULTORA DE PETROLEO SOCIEDAD ANONIMA,Lote 100,Hidrocarburos,Alto,Moderado,Alto,0,Medio,Sin conflicto
-72.69656,-11.80219,PLUSPETROL PERU CORPORATION S.A.,Lote 88,Hidrocarburos,Alto,Alto,Moderado,0,Sin pasivo,Medio
-74.20567,-5.5071,PETROTAL PERU S.R.L.,Lote 95,Hidrocarburos,Alto,Alto,Alto,0,Bajo,Alto
-74.91472,-7.29734,MAPLE GAS CORPORATION DEL PERU S.R.L. EN LIQUIDACION,Lote 31-B,Hidrocarburos,Alto,Alto,Muy alto,0,Sin pasivo,Sin conflicto
-75.24773,-8.43387,AGUAYTIA ENERGY DEL PERU S.R.L.,Lote 31-C,Hidrocarburos,Alto,Moderado,Alto,0,Sin pasivo,Sin conflicto
-74.71922,-8.83396,MAPLE GAS CORPORATION DEL PERU S.R.L. EN LIQUIDACION; NO DETERMINADO,Lote 31-D,Hidrocarburos,Alto,Alto,Alto,0,Sin pasivo,Sin conflicto
-81.12624,-4.53808,UNNA ENERGIA S.A.,Lote IV,Hidrocarburos,Alto,Alto,Moderado,0,Medio,Sin conflicto
-74.69428,-13.03888,TRANSPORTADORA DE GAS DEL PERU S.A.,Sistemas de Transporte de Gas Natural y Transporte de los Líquidos de Gas Camisea - Lima,Hidrocarburos,Alto,Alto,Muy alto,11-más,Sin pasivo,Sin conflicto
-74.85197,-13.38092,PERU LNG S.R.L.,Sistema de Transporte de Gas Natural por Ducto de Ayacucho a la Planta de Licuefacción,Hidrocarburos,Alto,Moderado,Alto,0,Sin pasivo,Sin conflicto
-75.95273,-2.51762,ALTAMESA ENERGY PERU SOCIEDAD ANONIMA CERRADA; FRONTERA ENERGY DEL PERU S.A.; NO DETERMINADO; PETROLEOS DEL PERU PETROPERU SA; PLUSPETROL NORTE S.A.,Lote 192 (Ex Lote 1-AB),Hidrocarburos,Alto,Alto,Alto,0,Sin pasivo,Sin conflicto
-76.17919,-11.69925,SOBREANDES S.A.C.,Americana,Minería,Alto,Moderado,Alto,11-más,Sin pasivo,Sin conflicto
-72.26503,-14.43236,ANABI S.A.C.,Anabi,Minería,Alto,Alto,Alto,0,Sin pasivo,Sin conflicto
-77.53101,-8.02521,CONSORCIO MINERO HORIZONTE S.A.,Acumulación Parcoy N° 1,Minería,Alto,Alto,Alto,1-5,Sin pasivo,Sin conflicto
-77.04658,-9.53204,COMPANIA MINERA ANTAMINA S.A,Antamina,Minería,Alto,Alto,Alto,1-5,Sin pasivo,Medio
-75.70406,-12.30914,SOCIEDAD MINERA CORONA S.A.,Acumulación Yauricocha,Minería,Alto,Alto,Muy alto,1-5,Sin pasivo,Sin conflicto
-72.76327,-14.34465,ANAMA-VALERIA S.A.C.,Anama,Minería,Alto,Moderado,Alto,6-10,Sin pasivo,Sin conflicto
-75.99061,-11.7621,VOLCAN COMPANIA MINERA S.A.A.,Andaychagua,Minería,Alto,Alto,Alto,11-más,Sin pasivo,Sin conflicto
-71.37246,-14.92602,COMPAÑIA MINERA ANTAPACCAY S.A.,Antapaccay - Expansión Tintaya,Minería,Alto,Alto,Alto,0,Sin pasivo,Alto
-76.45844,-11.20436,COMPAÑIA MINERA CHUNGAR S.A.C.,Alpamarca,Minería,Alto,Moderado,Alto,6-10,Sin pasivo,Sin conflicto
-78.24842,-7.95391,MINERA BOROO MISQUICHILCA S.A.,Lagunas Norte,Minería,Alto,Moderado,Alto,11-más,Sin pasivo,Sin conflicto
-78.31556,-6.97763,LUMINA COPPER S.A.C.,El Galeno,Minería,Alto,Moderado,Alto,0,Sin pasivo,Sin conflicto
-78.4794,-6.98856,MINERA YANACOCHA S.R.L.,Colorado,Minería,Alto,Moderado,Muy alto,0,Sin pasivo,Sin conflicto
-77.9998,-7.83195,SUMMA GOLD CORPORATION S.A.C.,El Toro,Minería,Alto,Alto,Alto,0,Sin pasivo,Sin conflicto
-76.30559,-10.79252,SOCIEDAD MINERA EL BROCAL S.A.A.,Colquijirca,Minería,Alto,Moderado,Muy alto,11-más,Sin pasivo,Sin conflicto
-77.47328,-7.96647,CONSORCIO MINERO HORIZONTE S.A.,Culebrillas,Minería,Alto,Moderado,Alto,0,Sin pasivo,Sin conflicto
-76.51331,-12.63699,COMPAñIA MINERA CONDESTABLE S.A.,Acumulación Condestable,Minería,Alto,Moderado,Muy alto,0,Sin pasivo,Sin conflicto
-77.81563,-8.17541,ACTIVOS MINEROS S.A.C.,Pasivos Ambientales Mineros de la Ex Unidad Minera Pushaquilca,Minería,Alto,Alto,Alto,11-más,Sin pasivo,Sin conflicto
-78.61897,-6.75127,SOCIEDAD MINERA CORONA S.A.,Ex Unidad de Producción Carolina N° 1,Minería,Alto,Alto,Alto,11-más,Sin pasivo,Sin conflicto
-77.51658,-9.76067,COMPAÑIA MINERA LINCUNA S.A.,Huancapeti,Minería,Alto,Moderado,Alto,11-más,Sin pasivo,Sin conflicto
-71.75849,-14.47144,HUDBAY PERU S.A.C.,Constancia,Minería,Alto,Moderado,Alto,11-más,Sin pasivo,Alto
-77.0639,-9.48927,NORCOBRE S.A.C.,Contonga,Minería,Alto,Moderado,Alto,1-5,Sin pasivo,Sin conflicto
-75.80426,-11.38897,CIA MINERA LAS CAMELIAS S A,Fortunita,Minería,Alto,Moderado,Alto,0,Sin pasivo,Sin conflicto
-74.39589,-12.58156,OPERADORES CONCENTRADOS PERUANOS S.A.C.,Cobriza,Minería,Alto,Alto,Alto,11-más,Sin pasivo,Sin conflicto
-72.37215,-14.77057,COMPAÑIA MINERA CRESPO S.A.C.,Crespo,Minería,Alto,Moderado,Muy alto,0,Sin pasivo,Alto
-78.36204,-7.18213,CIA MINERA LAS CAMELIAS S A,El Paraje,Minería,Alto,Moderado,Alto,0,Sin pasivo,Sin conflicto
-78.62257,-6.74549,COMPAÑIA MINERA SAN NICOLAS SOCIEDAD ANONIMA,Colorada,Minería,Alto,Alto,Alto,11-más,Sin pasivo,Sin conflicto
-73.93047,-13.99097,CATALINA HUANCA SOCIEDAD MINERA S.A.C.,Catalina Huanca,Minería,Alto,Moderado,Alto,0,Sin pasivo,Sin conflicto
-72.33011,-14.97541,COMPANIA MINERA ARES S.A.C.,Arcata,Minería,Alto,Moderado,Muy alto,0,Sin pasivo,Sin conflicto
-75.23196,-13.17827,SOCIEDAD MINERA RELIQUIAS S.A.C.,Caudalosa Grande y Relíquias,Minería,Alto,Alto,Alto,11-más,Sin pasivo,Sin conflicto
-72.13647,-15.013,COMPANIA MINERA ARES S.A.C.,Ares,Minería,Alto,Moderado,Alto,0,Sin pasivo,Sin conflicto
-76.2113,-10.58106,NEXA RESOURCES ATACOCHA S.A.A.,Atacocha,Minería,Alto,Alto,Alto,11-más,Sin pasivo,Sin conflicto
-73.68262,-15.05842,SOUTH AMERICA MINING INVESTMENTS S.A.C,Breapampa,Minería,Alto,Moderado,Alto,0,Sin pasivo,Sin conflicto
-78.51739,-6.99286,MINERA YANACOCHA S.R.L.,Chaupiloma Sur,Minería,Alto,Moderado,Alto,0,Sin pasivo,Medio
-78.63081,-6.76126,GOLD FIELDS LA CIMA S.A.,Cerro Corona,Minería,Alto,Alto,Alto,11-más,Sin pasivo,Sin conflicto
-77.88252,-8.54088,SOCIEDAD MINERA AUSTRIA DUVAZ S.A.C. EN LIQUIDACION,Austria Duvaz,Minería,Alto,Moderado,Alto,11-más,Sin pasivo,Sin conflicto
-76.24979,-10.67756,EMPRESA ADMINISTRADORA CERRO S.A.C.,Cerro de Pasco,Minería,Alto,Alto,Muy alto,11-más,Sin pasivo,Sin conflicto
-78.45764,-6.92621,MINERA YANACOCHA S.R.L.,China Linda,Minería,Alto,Moderado,Alto,0,Sin pasivo,Sin conflicto
-71.58011,-16.56195,SOCIEDAD MINERA CERRO VERDE S.A.A.,Cerro Verde,Minería,Alto,Moderado,Alto,1-5,Sin pasivo,Sin conflicto
-75.63846,-12.07673,SIERRA POLI S.A.C.,Sierra Sumaq Rumi,Minería,Alto,Moderado,Alto,11-más,Sin pasivo,Sin conflicto
-76.24352,-11.66994,EMPRESA MINERA LOS QUENUALES S.A.,Casapalca,Minería,Alto,Moderado,Alto,11-más,Sin pasivo,Sin conflicto
-73.92961,-14.9534,APUMAYO S.A.C.,Apumayo,Minería,Alto,Alto,Moderado,0,Sin pasivo,Alto
-76.06762,-11.73334,VOLCAN COMPANIA MINERA S.A.A.,Carahuacra,Minería,Alto,Moderado,Alto,0,Sin pasivo,Sin conflicto
-70.83552,-15.24819,ARUNTANI S.A.C.; MINISTERIO DE ENERGIA Y MINAS,Arasi,Minería,Alto,Alto,Alto,11-más,Sin pasivo,Alto
-78.60681,-6.76687,ACTIVOS MINEROS S.A.C.,Pasivos Ambientales Mineros de la Ex Unidad Minera La Pastora,Minería,Alto,Alto,Alto,11-más,Sin pasivo,Sin conflicto
-75.08364,-13.1679,CASTROVIRREYNA COMPAÑIA MINERA S.A. EN LIQUIDACION,Pasivos Ambientales Mineros de la Mina Astohuaraca,Minería,Alto,Moderado,Alto,11-más,Sin pasivo,Sin conflicto
-78.46954,-7.58602,COMPAÑIA MINERA SAYAPULLO S. A. EN LIQUIDACION,Pasivos Ambientales Mineros Sayapullo,Minería,Alto,Alto,Alto,6-10,Sin pasivo,Sin conflicto
-78.65765,-6.73189,KORI ANTA S.A.C.,Pasivos Ambientales Mineros de la parte alta de la microcuenca El Tingo - Concesión Minera Tres Mosqueteros,Minería,Alto,Moderado,Alto,11-más,Sin pasivo,Sin conflicto
-76.41589,-10.48312,ACTIVOS MINEROS S.A.C.,Túnel Pucará y Bocamina Azalia de la Mina Goyllarisquizga,Minería,Alto,Moderado,Alto,1-5,Sin pasivo,Sin conflicto
-76.9732,-10.21655,CIA MINERA SANTA LUISA S A,Pallca,Minería,Alto,Moderado,Muy alto,0,Sin pasivo,Sin conflicto
-76.05042,-11.98359,SMC MINERA TOROPUNTO S.A.C.,Patygin,Minería,Alto,Moderado,Alto,0,Sin pasivo,Sin conflicto
-77.09935,-9.80672,NYRSTAR ANCASH S.A.,Pucarrajo,Minería,Alto,Moderado,Alto,11-más,Sin pasivo,Sin conflicto
-78.58673,-6.74887,CENTRO DE INVESTIGACION Y ESTUDIOS MINERO AMBIENTAL S.A.C - CIEMAM S.A.C.,Pasivos Ambientales Mineros de la Unidad Minera Colquirrumi - Área Hualgayoc,Minería,Alto,Moderado,Alto,11-más,Sin pasivo,Sin conflicto
-75.06453,-12.71375,NEXA RESOURCES PERU S.A.A.,Pukaqaqa Norte,Minería,Alto,Moderado,Alto,11-más,Sin pasivo,Sin conflicto
-76.51331,-12.63699,COMPAñIA MINERA CONDESTABLE S.A.,Punta Colorada,Minería,Alto,Bajo,Muy alto,0,Sin pasivo,Sin conflicto
-77.58469,-9.42351,MINERA BARRICK PERU S.A.,Pierina,Minería,Alto,Alto,Alto,11-más,Sin pasivo,Sin conflicto
-77.49233,-9.78461,COMPAÑIA MINERA LINCUNA S.A.,Pasivos Ambientales Mineros de la Unidad Minera Lincuna Dos,Minería,Alto,Alto,Alto,11-más,Sin pasivo,Sin conflicto
-77.49948,-9.8294,COMPAÑIA MINERA LINCUNA S.A.,Pasivos Ambientales Mineros de la Unidad Minera Lincuna Tres,Minería,Alto,Moderado,Alto,11-más,Sin pasivo,Sin conflicto
-77.53207,-9.73468,COMPAÑIA MINERA LINCUNA S.A.,Pasivos Ambientales Mineros de la Unidad Minera Lincuna Uno,Minería,Alto,Moderado,Alto,11-más,Sin pasivo,Sin conflicto
-70.57439,-16.98114,ANGLO AMERICAN QUELLAVECO S.A.,Quellaveco,Minería,Alto,Moderado,Alto,1-5,Sin pasivo,Sin conflicto
-74.95811,-12.83174,SOCIEDAD MINERA EL BROCAL S.A.A.,Pasivos Ambientales Mineros de la Unidad Minera Santa Bárbara,Minería,Alto,Moderado,Alto,11-más,Sin pasivo,Sin conflicto
-78.5985,-6.75195,ACTIVOS MINEROS S.A.C.,Pasivos Ambientales de la Ex Unidad Los Negros,Minería,Alto,Moderado,Alto,11-más,Sin pasivo,Sin conflicto
-78.59294,-6.75275,ACTIVOS MINEROS S.A.C.,Pasivos Ambientales Mineros de las 5 Relaveras de El Dorado,Minería,Alto,Alto,Alto,11-más,Sin pasivo,Sin conflicto
-72.50398,-15.24626,COMPAÑIA DE MINAS BUENAVENTURA S.A.A.,Poracota,Minería,Alto,Alto,Alto,0,Sin pasivo,Medio
-76.69972,-10.54623,COMPAÑIA DE MINAS BUENAVENTURA S.A.A.,Pozo Rico - Marisol,Minería,Alto,Moderado,Alto,6-10,Sin pasivo,Sin conflicto
-76.24979,-10.67756,ACTIVOS MINEROS S.A.C.,Pasivos Ambientales de Origen Minero en el Río San Juan y Delta Upamayo,Minería,Alto,Moderado,Muy alto,11-más,Sin pasivo,Sin conflicto
-73.77091,-14.31412,COMPAÑIA DE MINAS BUENAVENTURA S.A.A.,Pasivos Ambientales Mineros Ayacucho,Minería,Alto,Moderado,Alto,0,Sin pasivo,Sin conflicto
-76.24979,-10.67756,ACTIVOS MINEROS S.A.C.,Pasivos Ambientales Mineros del Depósito de Desmonte Excelsior,Minería,Alto,Alto,Muy alto,11-más,Sin pasivo,Medio
-77.07846,-9.92246,ICM PACHAPAQUI S.A.C.,Pachapaqui,Minería,Alto,Alto,Alto,11-más,Sin pasivo,Sin conflicto
-78.33277,-7.03216,ACTIVOS MINEROS S.A.C.,Pasivos Ambientales Mineros del Proyecto Michiquillay,Minería,Alto,Moderado,Alto,11-más,Sin pasivo,Sin conflicto
-74.57559,-13.08666,COMPAÑIA DE MINAS BUENAVENTURA S.A.A.,Pasivos Ambientales Mineros Lircay,Minería,Alto,Moderado,Alto,11-más,Sin pasivo,Sin conflicto
-76.87405,-10.69801,MINERA CRC SOCIEDAD ANONIMA CERRADA,Mallay,Minería,Alto,Moderado,Alto,1-5,Sin pasivo,Sin conflicto
-77.30693,-8.17936,COMPAñIA MINERA CARAVELI S.A.C.,La Estrella,Minería,Alto,Moderado,Muy alto,0,Sin pasivo,Sin conflicto
-71.3144,-17.66515,"SOUTHERN PERU COPPER CORPORATION, SUCURSAL DEL PERÚ",Fundición y Refinería de Cobre - Ilo,Minería,Alto,Moderado,Alto,0,Sin pasivo,Sin conflicto
-79.12515,-6.36346,MINERA LA GRANJA S.A.C.,La Granja,Minería,Alto,Moderado,Muy alto,0,Sin pasivo,Sin conflicto
-76.30394,-10.7823,SOCIEDAD MINERA EL BROCAL S.A.A.,Marcapunta Norte,Minería,Alto,Bajo,Muy alto,11-más,Sin pasivo,Sin conflicto
-76.20348,-11.61216,CIA MINERA LAS CAMELIAS S A,Ichu,Minería,Alto,Moderado,Alto,1-5,Sin pasivo,Sin conflicto
-72.33972,-15.28075,COMPAÑIA DE MINAS BUENAVENTURA S.A.A.,Orcopampa,Minería,Alto,Alto,Alto,0,Sin pasivo,Sin conflicto
-78.40398,-6.91638,MINERA YANACOCHA S.R.L.,Conga,Minería,Alto,Moderado,Muy alto,0,Sin pasivo,Sin conflicto
-77.59545,-7.76142,CIA MINERA PODEROSA S A,Poderosa,Minería,Alto,Alto,Muy alto,1-5,Sin pasivo,Sin conflicto
-73.24933,-14.93905,COMPANIA MINERA ARES S.A.C.,Inmaculada,Minería,Alto,Moderado,Muy alto,0,Sin pasivo,Sin conflicto
-76.74357,-10.82251,EMPRESA MINERA LOS QUENUALES S.A.,Iscaycruz,Minería,Alto,Moderado,Alto,11-más,Sin pasivo,Sin conflicto
-76.46645,-11.01563,COMPAÑIA MINERA CHUNGAR S.A.C.,Islay,Minería,Alto,Moderado,Alto,6-10,Sin pasivo,Sin conflicto
-78.08816,-7.96905,M & M PINO CONTRATISTAS GENERALES S.A.C.,El Dorado,Minería,Alto,Alto,Moderado,1-5,Sin pasivo,Sin conflicto
-76.12236,-11.60657,COMPAÑIA MINERA ARGENTUM S.A.,Argentum,Minería,Alto,Moderado,Alto,6-10,Sin pasivo,Sin conflicto
-76.21887,-10.61759,NEXA RESOURCES EL PORVENIR S.A.C.,Milpo N° 1,Minería,Alto,Moderado,Alto,11-más,Sin pasivo,Sin conflicto
-74.79002,-12.91147,COMPAÑIA DE MINAS BUENAVENTURA S.A.A.,Julcani,Minería,Alto,Alto,Alto,0,Sin pasivo,Sin conflicto
-76.30685,-11.81439,CMC CRITICAL MINERALS CORPORATION S.A.C.,Coricancha,Minería,Alto,Moderado,Alto,11-más,Sin pasivo,Sin conflicto
-77.01791,-9.86993,CIA MINERA SANTA LUISA S A,Huanzala,Minería,Alto,Moderado,Muy alto,11-más,Sin pasivo,Sin conflicto
-72.32757,-14.07616,MINERA LAS BAMBAS S.A.,Las Bambas,Minería,Alto,Alto,Alto,6-10,Sin pasivo,Alto
-73.11443,-14.19511,"SOUTHERN PERU COPPER CORPORATION, SUCURSAL DEL PERÚ",Los Chancas,Minería,Alto,Moderado,Alto,1-5,Sin pasivo,Sin conflicto
-78.1159,-7.87154,LA ARENA S.A.,La Arena,Minería,Alto,Moderado,Muy alto,1-5,Sin pasivo,Sin conflicto
-76.43036,-11.01306,PAN AMERICAN SILVER HUARON S.A.,Huarón,Minería,Alto,Alto,Alto,11-más,Sin pasivo,Alto
-72.26503,-14.43236,UTUNSA MINAS SAC,Utunsa,Minería,Alto,Moderado,Alto,0,Sin pasivo,Sin conflicto
-78.60036,-6.76464,ACTIVOS MINEROS S.A.C.,64 Pasivos Ambientales Mineros El Dorado,Minería,Alto,Moderado,Alto,11-más,Sin pasivo,Sin conflicto
-78.01019,-8.07888,"SOUTH METALLURGICAL RESOURCES, INC",Wolframfed I,Minería,Alto,Alto,Alto,0,Sin pasivo,Sin conflicto
-77.96404,-8.3067,COMPAÑÍA MINERA ELORO PERU S.A.C.,Victoria,Minería,Alto,Moderado,Alto,0,Sin pasivo,Sin conflicto
-76.27449,-10.43932,EMP.EXPLOTADORA DE VINCHOS LTDA S.A.C.,Vinchos,Minería,Alto,Alto,Alto,11-más,Sin pasivo,Sin conflicto
-70.26209,-16.54531,ARUNTANI S.A.C.; MINISTERIO DE ENERGIA Y MINAS,Florencia - Tucari,Minería,Alto,Alto,Moderado,0,Sin pasivo,Alto
-78.65802,-6.72929,ACTIVOS MINEROS S.A.C.,Pasivos Ambientales Mineros de la Ex Unidad Minera Cleopatra,Minería,Alto,Moderado,Alto,11-más,Sin pasivo,Sin conflicto
-76.67952,-10.62796,COMPAÑIA DE MINAS BUENAVENTURA S.A.A.,Uchucchacua,Minería,Alto,Alto,Muy alto,6-10,Sin pasivo,Sin conflicto
-78.22634,-7.60262,SHAHUINDO S.A.C.,Shahuindo,Minería,Alto,Moderado,Alto,11-más,Sin pasivo,Sin conflicto
-73.18643,-14.71706,COMPANIA MINERA ARES S.A.C.,Ranichico Oeste,Minería,Alto,Moderado,Alto,1-5,Sin pasivo,Sin conflicto
-76.76733,-10.447,CIA MINERA RAURA S A,Raura,Minería,Alto,Moderado,Alto,0,Sin pasivo,Sin conflicto
-78.69188,-6.74416,CIA MINERA COIMOLACHE SA,Tantahuatay,Minería,Alto,Moderado,Alto,11-más,Sin pasivo,Sin conflicto
-74.95298,-13.0725,RECUPERADA SOCIEDAD ANONIMA CERRADA - RECUPERADA S.A.C.,Recuperada,Minería,Alto,Alto,Alto,11-más,Sin pasivo,Sin conflicto
-77.44974,-8.04229,MINERA AURIFERA RETAMAS S.A.,UEA Retamas,Minería,Alto,Moderado,Muy alto,6-10,Sin pasivo,Sin conflicto
-75.6858,-12.43158,COMPANIA MINERA SAN VALENTIN S.A.,San Valentín,Minería,Alto,Moderado,Alto,1-5,Sin pasivo,Sin conflicto
-76.44179,-11.12638,COMPAÑIA MINERA CHUNGAR S.A.C.,Río Pallanga,Minería,Alto,Moderado,Alto,6-10,Sin pasivo,Sin conflicto
-73.1825,-14.79402,MINERA PEÑOLES DE PERU S.A.,San Pedro,Minería,Alto,Bajo,Muy alto,1-5,Sin pasivo,Sin conflicto
-76.16778,-11.59697,VOLCAN COMPANIA MINERA S.A.A.,Ticlio,Minería,Alto,Moderado,Alto,1-5,Sin pasivo,Sin conflicto
-71.77024,-15.07677,AMG-AUPLATA MINING GROUP PERU S.A.C.,Suyckutambo,Minería,Alto,Alto,Alto,11-más,Sin pasivo,Sin conflicto
-71.92823,-15.45807,COMPAÑIA DE MINAS BUENAVENTURA S.A.A.,Tambomayo,Minería,Alto,Moderado,Alto,0,Sin pasivo,Sin conflicto
-78.0246,-8.11163,A & M MINERIA Y MAQUINARIAS S.A.C.,Santa Rosa,Minería,Alto,Alto,Muy alto,0,Sin pasivo,Sin conflicto
-76.14034,-11.62616,MINERA CHINALCO PERÚ S.A.,Toromocho,Minería,Alto,Alto,Alto,6-10,Sin pasivo,Sin conflicto
-71.85769,-15.18664,MINERA BATEAS S.A.C.,San Cristóbal,Minería,Alto,Moderado,Alto,11-más,Sin pasivo,Sin conflicto
-78.32179,-8.00508,COMPAÑIA MINERA QUIRUVILCA S.A. EN LIQUIDACION; MINISTERIO DE ENERGIA Y MINAS,Quiruvilca,Minería,Alto,Alto,Alto,1-5,Sin pasivo,Sin conflicto
-76.53274,-11.17553,SANTANDER PERUVIAN MINE S.A.C.,Santander,Minería,Alto,Moderado,Alto,11-más,Sin pasivo,Sin conflicto
-73.13192,-14.63264,COMPANIA MINERA ARES S.A.C.,Selene,Minería,Alto,Moderado,Alto,1-5,Sin pasivo,Sin conflicto
-75.149,-13.17784,CIA MINERA SANTA INES Y MOROCOCHA S A,San Genaro,Minería,Alto,Alto,Alto,11-más,Sin pasivo,Sin conflicto
-78.6996,-6.74496,ANTA NORTE S.A.C.,Anta norte,Minería,Alto,Moderado,Alto,11-más,Sin pasivo,Sin conflicto
-73.18248,-14.794,COMPANIA MINERA ARES S.A.C.,Pablo Sur,Minería,Alto,Bajo,Muy alto,1-5,Sin pasivo,Sin conflicto
-76.30685,-11.81439,COMPANIA MINERA SAN JUAN S.R.L.,Tamboraque,Minería,Alto,Moderado,Alto,11-más,Sin pasivo,Sin conflicto
-76.97205,-10.22262,CIA MINERA SANTA LUISA S A,Berlin,Minería,Alto,Moderado,Muy alto,0,Sin pasivo,Sin conflicto
-78.48145,-6.98828,MINERA YANACOCHA S.R.L.,Carachugo,Minería,Alto,Bajo,Muy alto,0,Sin pasivo,Sin conflicto
-76.45094,-11.88725,HORNOS ELECTRICOS PERUANOS S.A.,Planta Surco,Industria,Alto,Alto,Alto,0,Sin pasivo,Sin conflicto
-75.31213,-12.9276,MINERA DEL NORTE SA,Choreveco Tacna,Minería,Alto,Moderado,Alto,0,Sin pasivo,Sin conflicto
-75.80792,-12.29261,ABARCA ROSALES MIRIAM ISABEL,Abarca Rosales Miriam Isabel - Comunidad de Tingo Alis,Hidrocarburos,Alto,Alto,Moderado,0,Sin pasivo,Sin conflicto
-75.90953,-12.03339,RED DE ENERGIA DEL PERU SA,L.T. 220 kV Mantaro - Pomacocha - San Juan,Electricidad,Alto,Moderado,Muy alto,0,Sin pasivo,Sin conflicto
-76.01308,-10.16536,CONSORCIO TRANSMANTARO S.A.,Enlace 500 kV Nueva Yanango – Nueva Huánuco y Subestaciones Asociadas,Electricidad,Alto,Alto,Muy alto,0,Sin pasivo,Sin conflicto
-69.99081,-15.81675,ADM-PROV-PUNO,Puno 7,Residuos Sólidos,Alto,Moderado,Alto,0,Sin pasivo,Sin conflicto
-78.1159,-7.87154,LA ARENA S.A.,Agua Blanca,Minería,Alto,Bajo,Muy alto,1-5,Sin pasivo,Sin conflicto
-73.1954,-14.78871,COMPANIA MINERA ARES S.A.C.,Minascucho,Minería,Alto,Bajo,Muy alto,1-5,Sin pasivo,Sin conflicto
