lon,lat,nombre,titular,sustancia,situacion,tipo,region
-76.2203,-10.58059,ATACOCHA,COMPAÑIA MINERA ATACOCHA S.A.A.,Metálica,EXPLOTACIÓN,En producción,
-78.05918,-7.96494,LA VIRGEN,COMPAÑIA MINERA SAN SIMON S.A.,Metálica,EXPLOTACIÓN,En producción,
-76.24919,-10.81105,COLQUIJIRCA N°1,SOCIEDAD MINERA EL BROCAL S.A.A.,Metálica,EXPLOTACIÓN,En producción,
-74.98202,-13.07863,HUACHOCOLPA UNO,COMPAÑIA MINERA KOLPA S.A.,Metálica,EXPLOTACIÓN,En producción,
-76.45514,-11.20861,ALPAMARCA,COMPAÑIA MINERA CHUNGAR S.A.C.,Metálica,EXPLOTACIÓN,En producción,
-76.30422,-11.80485,MINA CORICANCHA,GREAT PANTHER CORICANCHA S.A.,Metálica,EXPLOTACIÓN,En producción,
-78.32347,-8.0137,QUIRUVILCA,COMPAÑIA MINERA QUIRUVILCA S.A.,Metálica,EXPLOTACIÓN,En producción,
-70.72698,-15.63107,TACAZA,CONSORCIO DE INGENIEROS EJECUTORES MINEROS S.A.,Metálica,EXPLOTACIÓN,En producción,
-75.10916,-15.24451,CPS 1,SHOUGANG HIERRO PERU S.A.A.,Metálica,EXPLOTACIÓN,En producción,
-76.13526,-11.58318,ANTICONA,COMPAÑIA MINERA ARGENTUM S.A.,Metálica,EXPLOTACIÓN,En producción,
-76.6757,-10.61662,UCHUCCHACUA,COMPAÑÍA DE MINAS BUENAVENTURA S.A.A.,Metálica,EXPLOTACIÓN,En producción,
-74.41339,-12.56569,COBRIZA 1126,DOE RUN PERU S.R.L. EN LIQUIDACION EN MARCHA,Metálica,EXPLOTACIÓN,En producción,
-76.18664,-11.5692,TICLIO,VOLCAN COMPAÑÍA MINERA S.A.A.,Metálica,EXPLOTACIÓN,En producción,
-71.57133,-16.52818,"CERRO VERDE 1,2,3",SOCIEDAD MINERA CERRO VERDE S.A.A.,Metálica,EXPLOTACIÓN,En producción,
-77.48027,-7.97857,AVENTURA IV,CONSORCIO MINERO HORIZONTE S.A.,Metálica,EXPLOTACIÓN,En producción,
-71.37516,-14.95216,ANTAPACCAY 1,COMPAÑIA MINERA ANTAPACCAY S.A.,Metálica,EXPLOTACIÓN,En producción,
-77.54612,-9.76925,HUANCAPETI,COMPAÑIA MINERA LINCUNA S.A,Metálica,EXPLOTACIÓN,En producción,
-71.93411,-15.47011,TAMBOMAYO,COMPAÑÍA DE MINAS BUENAVENTURA S.A.A.,Metálica,EXPLOTACIÓN,En producción,
-77.06933,-9.49273,CONTONGA,CONTONGA PERU S.A.C.,Metálica,EXPLOTACIÓN,En producción,
-76.35234,-10.73978,Colquijirca N° 2,SOCIEDAD MINERA EL BROCAL S.A.A.,Metálica,EXPLOTACIÓN,En producción,
-69.39843,-14.60118,CORI RIQUEZA,CORI PUNO S.A.C.,Metálica,EXPLOTACIÓN,En producción,
-70.13849,-15.61339,ACUMULACION PUNO,CAL & CEMENTO SUR S.A.,No Metálica,EXPLOTACIÓN,En producción,
-76.82979,-12.27879,FLOR DE NIEVE Nº 2,CONCREMAX S.A.,No Metálica,EXPLOTACIÓN,En producción,
-76.85247,-12.02511,CECILIA F.L.,T Y R CONSTRUCCIONES Y SERVICIOS S.A.C.,No Metálica,EXPLOTACIÓN,En producción,
-71.78077,-16.20997,ACUMULACION CHILI Nº 1,YURA S.A.,No Metálica,EXPLOTACIÓN,En producción,
-80.84985,-5.96245,BAYOVAR Nº 9,FOSFATOS DEL PACIFICO S.A.,No Metálica,EXPLOTACIÓN,En producción,
-79.12378,-7.2455,ACUMULACION TEMBLADERA,CEMENTOS PACASMAYO S.A.A.,No Metálica,EXPLOTACIÓN,En producción,
-80.61315,-5.98387,BAYOVAR Nº 12,JUAN PAULO QUAY S.A.C.,No Metálica,EXPLOTACIÓN,En producción,
-74.94751,-12.45884,FORTUNITA,COMPAÑIA MINERA LAS CAMELIAS S.A.,No Metálica,EXPLOTACIÓN,En producción,
-75.81344,-11.37485,AGRUPAMIENTO ANDINO A DE HUANCAYO,UNION ANDINA DE CEMENTOS S.A.A.,No Metálica,EXPLOTACIÓN,En producción,
-76.89079,-11.95185,UNICON,UNION DE CONCRETERAS S.A.,No Metálica,EXPLOTACIÓN,En producción,
-79.52238,-7.41028,PACASMAYO,CEMENTOS PACASMAYO S.A.A.,No Metálica,EXPLOTACIÓN,En producción,
-78.36922,-7.1855,EL PARAJE,COMPAÑIA MINERA LAS CAMELIAS S.A.,No Metálica,EXPLOTACIÓN,En producción,
-76.81591,-12.19302,PUCARA,UNION ANDINA DE CEMENTOS S.A.A.,No Metálica,EXPLOTACIÓN,En producción,
-75.92256,-11.51865,LA OROYA 1,DOE RUN PERU S.R.L. EN LIQUIDACION EN MARCHA,No Metálica,EXPLOTACIÓN,En producción,
-77.99556,-7.75007,AVE FENIX,COMPAÑIA MINERA LAS CAMELIAS S.A.,No Metálica,EXPLOTACIÓN,En producción,
-76.13984,-10.81811,FLOR DE LOTO,COMPAÑIA MINERA LAS CAMELIAS S.A.,No Metálica,EXPLOTACIÓN,En producción,
-75.73707,-11.73012,ALBERTINO,COMPAÑIA NACIONAL DE MARMOLES S.A.,No Metálica,EXPLOTACIÓN,En producción,
-71.12981,-16.36651,BORAX,INKABOR S.A.C.,No Metálica,EXPLOTACIÓN,En producción,
-76.25981,-6.72489,SALINAS PILLUANA,QUIMPAC S.A.,No Metálica,EXPLOTACIÓN,En producción,
-77.57142,-11.28898,SALINAS HUACHO,QUIMPAC S.A.,No Metálica,EXPLOTACIÓN,En producción,
-77.56109,-11.27977,PACIFICO,QUIMPAC S.A.,No Metálica,EXPLOTACIÓN,En producción,
-76.87688,-12.18894,ATOCONGO,UNION ANDINA DE CEMENTOS S.A.A.,No Metálica,EXPLOTACIÓN,En producción,
-77.03716,-11.81531,"COMICSA 5, 6 Y 7",COMPAÑIA MINERA LAS CAMELIAS S.A.,No Metálica,EXPLOTACIÓN,En producción,
-75.20522,-15.28193,SAN JUAN,SHOUGANG HIERRO PERU S.A.A.,No Metálica,EXPLOTACIÓN,En producción,
-77.32237,-5.95068,RIOJA,CEMENTOS SELVA S.A.,No Metálica,EXPLOTACIÓN,En producción,
-76.80841,-10.77212,ACUMULACION ISCAYCRUZ,EMPRESA MINERA LOS QUENUALES S.A.,Metálica,EXPLOTACIÓN,En producción,
-75.70421,-12.32941,ACUMULACION YAURICOCHA,SOCIEDAD MINERA CORONA S.A.,Metálica,EXPLOTACIÓN,En producción,
-70.12672,-16.59265,ACUMULACION MARIELA,ARUNTANI S.A.C.,Metálica,EXPLOTACIÓN,En producción,
-73.18748,-14.72756,ACUMULACION PALLANCATA,COMPAÑIA MINERA ARES S.A.C.,Metálica,EXPLOTACIÓN,En producción,
-71.83713,-15.18221,EL SANTO,BREXIA GOLDPLATA PERU S.A.C.,Metálica,EXPLOTACIÓN,En producción,
-76.08472,-11.62384,MANUELITA,COMPAÑIA MINERA ARGENTUM S.A.,Metálica,EXPLOTACIÓN,En producción,
-78.63126,-6.7714,CAROLINA Nº1,GOLD FIELDS LA CIMA S.A.,Metálica,EXPLOTACIÓN,En producción,
-71.85584,-15.1714,SAN CRISTOBAL,MINERA BATEAS S.A.C.,Metálica,EXPLOTACIÓN,En producción,
-75.41064,-11.18505,PALMAPATA,COMPAÑIA MINERA SAN IGNACIO DE MOROCOCHA S.A.A.,Metálica,EXPLOTACIÓN,En producción,
-74.03495,-15.64021,CAPITANA,COMPAÑIA MINERA CARAVELI S.A.C.,Metálica,EXPLOTACIÓN,En producción,
-78.34873,-7.84917,ACUMULACION ALTO CHICAMA,MINERA BARRICK MISQUICHILCA S.A.,Metálica,EXPLOTACIÓN,En producción,
-76.27869,-11.73478,ACUMULACION YAULIYACU,EMPRESA MINERA LOS QUENUALES S.A.,Metálica,EXPLOTACIÓN,En producción,
-75.98934,-11.76888,ACUMULACION ANDAYCHAGUA,VOLCAN COMPAÑÍA MINERA S.A.A.,Metálica,EXPLOTACIÓN,En producción,
-73.91383,-14.97973,APURIMAC,APUMAYO S.A.C.,Metálica,EXPLOTACIÓN,En producción,
-76.20605,-10.60613,MILPO Nº1,MILPO ANDINA PERU S.A.C.,Metálica,EXPLOTACIÓN,En producción,
-76.15204,-11.61014,MOROCOCHA,COMPAÑIA MINERA ARGENTUM S.A.,Metálica,EXPLOTACIÓN,En producción,
-76.066,-11.74948,CARAHUACRA,VOLCAN COMPAÑÍA MINERA S.A.A.,Metálica,EXPLOTACIÓN,En producción,
-70.31932,-14.22208,NUEVA ACUMULACION QUENAMARI-SAN RAFAEL,MINSUR S.A.,Metálica,EXPLOTACIÓN,En producción,
-70.64393,-17.26073,TOQUEPALA 1,SOUTHERN PERU COPPER CORPORATION SUCURSAL DEL PERU,Metálica,EXPLOTACIÓN,En producción,
-78.21479,-7.60852,ACUMULACION SHAHUINDO,SHAHUINDO S.A.C.,Metálica,EXPLOTACIÓN,En producción,
-73.24089,-14.94679,ACUMULACION INMACULADA 1,COMPAÑIA MINERA ARES S.A.C.,Metálica,EXPLOTACIÓN,En producción,
-72.14322,-14.96894,GRAN ARCATA,COMPAÑIA MINERA ARES S.A.C.,Metálica,EXPLOTACIÓN,En producción,
-75.38579,-11.20689,SAN VICENTE,COMPAÑIA MINERA SAN IGNACIO DE MOROCOCHA S.A.A.,Metálica,EXPLOTACIÓN,En producción,
-76.75626,-10.45322,ACUMULACION RAURA,COMPAÑIA MINERA RAURA S.A.,Metálica,EXPLOTACIÓN,En producción,
-69.39303,-14.57981,ACUMULACIÓN QORI UNTUCA,CORI PUNO S.A.C.,Metálica,EXPLOTACIÓN,En producción,
-78.70352,-6.74907,ACUMULACION TANTAHUATAY,COMPAÑIA MINERA COIMOLACHE S.A.,Metálica,EXPLOTACIÓN,En producción,
-70.75611,-17.06443,ACUMULACION CUAJONE,SOUTHERN PERU COPPER CORPORATION SUCURSAL DEL PERU,Metálica,EXPLOTACIÓN,En producción,
-73.94468,-15.63182,TAMBOJASA,COMPAÑIA MINERA CARAVELI S.A.C.,Metálica,EXPLOTACIÓN,En producción,
-77.55125,-8.05423,ACUMULACION PARCOY Nº 1,CONSORCIO MINERO HORIZONTE S.A.,Metálica,EXPLOTACIÓN,En producción,
-69.83773,-17.78007,FRONTERA UNO,MINSUR S.A.,Metálica,EXPLOTACIÓN,En producción,
-72.35499,-15.28547,ORCOPAMPA,COMPAÑÍA DE MINAS BUENAVENTURA S.A.A.,Metálica,EXPLOTACIÓN,En producción,
-73.9571,-13.99905,CATALINA HUANCA,CATALINA HUANCA SOCIEDAD MINERA S.A.C.,Metálica,EXPLOTACIÓN,En producción,
-77.6016,-7.74927,LIBERTAD,COMPAÑIA MINERA PODEROSA S.A.,Metálica,EXPLOTACIÓN,En producción,
-78.46521,-6.99005,ACUMULACION CHAQUICOCHA,MINERA YANACOCHA S.R.L.,Metálica,EXPLOTACIÓN,En producción,
-76.26423,-10.67184,ACUMULACION CERRO,EMPRESA ADMINISTRADORA CERRO S.A.C.,Metálica,EXPLOTACIÓN,En producción,
-76.52691,-12.6306,ACUMULACION CONDESTABLE,COMPAÑIA MINERA CONDESTABLE S.A.,Metálica,EXPLOTACIÓN,En producción,
-76.55994,-11.05904,ACUMULACION ANIMON,COMPAÑIA MINERA CHUNGAR S.A.C.,Metálica,EXPLOTACIÓN,En producción,
-74.77065,-12.94454,JULCANI,COMPAÑÍA DE MINAS BUENAVENTURA S.A.A.,Metálica,EXPLOTACIÓN,En producción,
-70.84098,-15.25391,ACUMULACION ANDRES,ARUNTANI S.A.C.,Metálica,EXPLOTACIÓN,En producción,
-78.11894,-7.91603,ACUMULACION LA ARENA,LA ARENA S.A.,Metálica,EXPLOTACIÓN,En producción,
-77.03366,-9.90445,SANTA LUISA,COMPAÑIA MINERA SANTA LUISA S.A.,Metálica,EXPLOTACIÓN,En producción,
-76.96084,-10.23001,BERLIN,COMPAÑIA MINERA SANTA LUISA S.A.,Metálica,EXPLOTACIÓN,En producción,
-76.55172,-11.17132,UNIDAD SANTANDER,TREVALI PERU S.A.C.,Metálica,EXPLOTACIÓN,En producción,
-78.57611,-6.99715,CHAUPILOMA OESTE,MINERA YANACOCHA S.R.L.,Metálica,EXPLOTACIÓN,En producción,
-76.46881,-11.01338,ANIMON,COMPAÑIA MINERA CHUNGAR S.A.C.,Metálica,EXPLOTACIÓN,En producción,
-77.2596,-11.49216,MARIA TERESA,MINERA COLQUISIRI S.A.,Metálica,EXPLOTACIÓN,En producción,
-77.03703,-9.82541,EL RECUERDO,COMPAÑIA MINERA SANTA LUISA S.A.,Metálica,EXPLOTACIÓN,En producción,
-74.68125,-14.95949,ACUMULACION LOS INCAS I,KARTIKAY PERUVIAN MINING COMPANY S.A.C.,Metálica,EXPLOTACIÓN,En producción,
-78.91508,-6.86712,LA ZANJA,MINERA LA ZANJA S.R.L.,Metálica,EXPLOTACIÓN,En producción,
-72.76383,-14.35241,VALERIA,ANABI S.A.C.,Metálica,EXPLOTACIÓN,En producción,
-76.21724,-11.66066,AMERICANA,COMPAÑIA MINERA CASAPALCA S.A.,Metálica,EXPLOTACIÓN,En producción,
-76.86725,-10.71302,MALLAY,COMPAÑÍA DE MINAS BUENAVENTURA S.A.A.,Metálica,EXPLOTACIÓN,En producción,
-72.31053,-14.08848,FERROBAMBA,MINERA LAS BAMBAS S.A.,Metálica,EXPLOTACIÓN,En producción,
-76.07284,-11.73739,SAN CRISTOBAL,VOLCAN COMPAÑÍA MINERA S.A.A.,Metálica,EXPLOTACIÓN,En producción,
-77.45197,-8.03578,RETAMAS,MINERA AURIFERA RETAMAS S.A.,Metálica,EXPLOTACIÓN,En producción,
-77.62683,-7.69071,LA PODEROSA DE TRUJILLO,COMPAÑIA MINERA PODEROSA S.A.,Metálica,EXPLOTACIÓN,En producción,
-78.52398,-7.00095,CHAUPILOMA SUR,MINERA YANACOCHA S.R.L.,Metálica,EXPLOTACIÓN,En producción,
-75.45133,-12.64192,HERALDOS NEGROS,COMPAÑIA MINERA LOS CHUNCHOS S.A.C.,Metálica,EXPLOTACIÓN,En producción,
-76.41727,-11.01901,HUARON,PAN AMERICAN SILVER HUARON S.A.,Metálica,EXPLOTACIÓN,En producción,
-73.05215,-15.88821,SAN JUAN DE AREQUIPA,CENTURY MINING PERU S.A.C.,Metálica,EXPLOTACIÓN,En producción,
-70.76966,-15.09299,LAS AGUILAS,CONSORCIO DE INGENIEROS EJECUTORES MINEROS S.A.,Metálica,EXPLOTACIÓN,En producción,
-78.46726,-6.95965,CHAUPILOMA NORTE,MINERA YANACOCHA S.R.L.,Metálica,EXPLOTACIÓN,En producción,
-71.75175,-14.46395,CONSTANCIA,HUDBAY PERU S.A.C.,Metálica,EXPLOTACIÓN,En producción,
-77.07041,-9.542,ANTAMINA,COMPAÑIA MINERA ANTAMINA S.A.,Metálica,EXPLOTACIÓN,En producción,
-75.56359,-12.58553,CORIHUARMI,MINERA IRL S.A.,Metálica,EXPLOTACIÓN,En producción,
-76.12603,-11.63531,TOROMOCHO,MINERA CHINALCO PERU S.A.,Metálica,EXPLOTACIÓN,En producción,
-75.97386,-13.0839,CERRO LINDO,COMPAÑÍA MINERA MILPO S.A.A.,Metálica,EXPLOTACIÓN,En producción,
-80.83795,-6.10315,BAYOVAR 2,COMPAÑIA MINERA MISKI MAYO S.R.L.,No Metálica,EXPLOTACIÓN,En producción,
-81.075,-5.20323,LUCITA I,ANDALUCITA S.A.,No Metálica,EXPLOTACIÓN,En producción,
-78.47052,-6.89329,CHINA LINDA,MINERA YANACOCHA S.R.L.,No Metálica,EXPLOTACIÓN,En producción,
-80.78496,-5.96095,VIRRILA,CEMENTOS PACASMAYO S.A.A.,No Metálica,EXPLOTACIÓN,En producción,
-76.2465,-14.01072,SALINAS DE OTUMA,QUIMPAC S.A.,No Metálica,EXPLOTACIÓN,En producción,
-78.02033,-6.84386,CERPAC,COMPAÑIA MINERA LAS CAMELIAS S.A.,No Metálica,EXPLOTACIÓN,En producción,
-76.93178,-11.78529,YERBA BUENA,UNION DE CONCRETERAS S.A.,Metálica,EXPLOTACIÓN,En producción,
-76.13988,-11.65579,TUNSHURUCO,MINERA CHINALCO PERU S.A.,No Metálica,EXPLOTACIÓN,En producción,
-75.75367,-11.69765,FIORELLA,COMPAÑIA MINERA LAS CAMELIAS S.A.,No Metálica,EXPLOTACIÓN,En producción,
-72.49111,-13.99573,CHACAPAMPA,ANTHONY MINING S.A.C.,"Cu, Zn y Pb",,En exploración,APURIMAC
-70.54207,-16.1633,ICHUNA,HATUM MINAS S.A.C.,Cu,,En exploración,MOQUEGUA
-70.41404,-16.12409,PICHA,MAXY GOLD PERU S.A.C.,Cu,,En exploración,MOQUEGUA
-71.17336,-17.67354,CARDONAL,COMPAÑIA MINERA ZAHENA S.A.C.,"Au, Cu",,En exploración,MOQUEGUA
-70.37366,-17.66813,PAMPA M,BHP BILLITON WORLD EXPLORATION INC. SUCURSAL DEL PERU,Cu,,En exploración,TACNA
-70.35814,-17.5602,SAMBALAY,WILD ACRE METALS (PERU) S.A.C.,"Au, Ag, Cu",,En exploración,TACNA
-76.40402,-10.16144,QUEROPALCA,MITSUI MINING & SMELTING CO. LTDA. SUCURSAL DEL PERU,Au,,En exploración,HUANUCO
-72.99486,-14.46998,ANTABAMBA,VERDE RESOURCES S.A.C.,Cu,,En exploración,APURIMAC
-71.26756,-16.74249,PINCO - PINCO,ANGLO AMERICAN PERU S.A.,Cu,,En exploración,MOQUEGUA
-71.71893,-16.67857,TESORO,TECK PERU S.A.,Au,,En exploración,AREQUIPA
-77.35336,-10.06299,CORCAPUNTA,ANGLO AMERICAN PERU S.A.,Metálico,,En exploración,ANCASH
-73.80214,-14.25847,KIMSA ORCCO,Laconia South America S.A.C.,"Cu, Au, Ag",,En exploración,AYACUCHO
-70.4254,-16.4022,ROSA ROJA,MINERA ANTARES PERU S.A.C.,Cu,,En exploración,MOQUEGUA
-71.38037,-17.29646,MALOO,COMPAÑIA MINERA ZAHENA S.A.C.,Metálico,,En exploración,MOQUEGUA
-72.16438,-15.16578,ALLHUIRE,COMPAÑÍA DE MINAS BUENAVENTURA S.A.A.,Metálico,,En exploración,AREQUIPA
-78.61684,-7.7588,PACHAGON,VALE EXPLORATION PERU S.A.C.,Au,,En exploración,LA LIBERTAD
-78.55017,-7.82053,SURILOMA,Darwin Peru S.A.C.,Au,,En exploración,LA LIBERTAD
-69.92796,-17.70752,ATASPACA,COMPAÑIA MINERA ZAHENA S.A.C.,"Cu, Zn",,En exploración,TACNA
-71.38213,-17.34483,SAMI,MINERA ANACONDA PERU S.A.,"Au, Cu",,En exploración,MOQUEGUA
-80.09934,-4.60296,LA SAUCHA,Minera Ancocala S.A.C.,Au,,En exploración,PIURA
-77.77404,-8.11319,BERLIN,MINERA QUILCA S.A.C.,"Cu, Pb, Zn",,En exploración,ANCASH
-75.84328,-10.88283,TORUNA,MINERA AURIFERA TORUNA S.A.C.,Au,,En exploración,PASCO
-73.95243,-14.66558,MONICA LOURDES,COMPAÑÍA MINERA MILPO S.A.A.,Cu,,En exploración,AYACUCHO
-69.84653,-14.50057,CECILIA,EMPRESA MINERA LOS QUENUALES S.A.,Metálico,,En exploración,PUNO
-74.81227,-13.93744,SUMI,BEAR CREEK MINING COMPANY - SUCURSAL DEL PERU,Au,,En exploración,HUANCAVELICA
-73.68281,-15.51626,MARCAHUI,TECK PERU S.A.,"Cu, Mo",,En exploración,AREQUIPA
-72.50075,-14.2436,CORIVALE,SUPER STRONG MINING S.A.C.,Metálico,,En exploración,APURIMAC
-70.17163,-16.06585,ESQUILACHE,COMPAÑIA MINERA VENSIX S.A.C.,Ag,,En exploración,PUNO
-78.89214,-4.84394,YAGKU ENTSA,Exploraciones Aguila Dorada S.A.C.,Au Ag,,En exploración,CAJAMARCA
-77.09038,-9.20371,ANTAMAYO,OBAN S.A.C.,Cu,,En exploración,ANCASH
-77.5237,-10.43205,COPPERNICO,Coppernico Exploraciones S.A.C.,Cu,,En exploración,ANCASH
-76.5235,-11.14788,ROMINA,COMPAÑÍA MINERA MILPO S.A.A.,"Zn, Pb, Cu, Ag",,En exploración,LIMA
-70.5669,-15.65793,BERENGUELA,SOCIEDAD MINERA BERENGUELA S.A.,Polimetalico,,En exploración,PUNO
-70.98302,-15.5897,PINAYA,MINERA PINAYA PERU S.A.,"Au, Cu",,En exploración,PUNO
-78.24233,-8.12157,JULIETA,COMPAÑIA MINERA ARES S.A.C.,Au,,En exploración,LA LIBERTAD
-73.28954,-14.43838,PROMESA,MINERA BARRICK MISQUICHILCA S.A.,"Cu, Au",,En exploración,APURIMAC
-70.88376,-16.89848,QUINSACOLLO,ANGLO AMERICAN PERU S.A.,Cu,,En exploración,MOQUEGUA
-78.63532,-8.3401,VIRU,CORE MINERALS (PERU) S.A.,"Ag, Pb, Zn",,En exploración,LA LIBERTAD
-71.85749,-12.95654,AURORA,MINERA FOCUS S.A.C.,"Cu, Mo, Au",,En exploración,CUSCO
-71.50088,-16.62597,YARABAMBA,Minera Pampa de Yaras S.A.C.,Prospecto,,En exploración,AREQUIPA
-75.51632,-12.62903,BETHANIA,MINERA IRL S.A.,"Au, Cu",,En exploración,HUANCAVELICA
-74.72532,-12.63719,ESTRELLA,ESTRELLA GOLD PERU SAC.,"Au, Ag",,En exploración,HUANCAVELICA
-77.21954,-10.93015,ILLARI,NEWMONT PERU S.R.L.,Polimetalico,,En exploración,LIMA
-76.58092,-12.07498,PALMA,EMPRESA ADMINISTRADORA CHUNGAR S.A.C.,"Zn, Pb, Ag",,En exploración,LIMA
-73.92134,-15.0411,SANCOS,SANTA BARBARA RESOURCES PERU S.A.C.,"Ag, Au",,En exploración,AYACUCHO
-72.38087,-15.30508,PUCAY,COMPAÑIA DE MINAS BUENAVENTURA S.A.A.,"Au, Ag",,En exploración,AREQUIPA
-72.95692,-14.10994,TUMIPAMPA,COMPAÑIA TUMIPAMPA S.A.C.,Au,,En exploración,APURIMAC
-71.10401,-16.56691,AMATA,FRESNILLO PERU S.A.C.,Au,,En exploración,MOQUEGUA
-71.25463,-14.93471,COROCCOHUAYCO,COMPAÑIA MINERA ANTAPACCAY S.A.,Cu,,En exploración,CUSCO
-78.71157,-8.77742,GUADALUPITO,PERUVIAN LATIN RESOURCES S.A.C.,"Fe, Andalucita, Titanio",,En exploración,LA LIBERTAD
-76.96796,-10.02762,ATALAYA,COMPAÑIA MINERA SANTA LUISA S.A.,"Polimetàlico Ag, Zn, Pb",,En exploración,ANCASH
-71.90621,-13.97127,ACCHA,EXPLORACIONES COLLASUYO S.A.C.,"Zn, Pb",,En exploración,CUSCO
-75.39579,-11.94363,FOSFATOS MANTARO,MANTARO PERU S.A.,Fosfatos,,En exploración,JUNIN
-73.32655,-13.72866,HIERRO APURIMAC,APURIMAC FERRUM S.A.,Fe,,En exploración,APURIMAC
-70.33007,-14.22521,EXPLOTACION DE RELAVES BOFEDAL 2 ( B2),MINSUR S.A.,Sn,,En exploración,PUNO
-78.36855,-6.90414,MINAS CONGA,MINERA YANACOCHA S.R.L.,"Cu, Au",,En exploración,CAJAMARCA
-74.83718,-15.35991,PAMPA DE PONGO,JINZHAO  MINING PERU S.A.,Fe,,En exploración,AREQUIPA
-79.26919,-6.09343,CAÑARIACO,CAÑARIACO COPPER PERU S.A.,Cu,,En exploración,LAMBAYEQUE
-79.35089,-4.88169,RÍO BLANCO,RIO BLANCO COPPER S.A.,Cu,,En exploración,PIURA
-76.41708,-10.20457,RONDONI-ACEJAR,COMPAÑIA MINERA VICHAYCOCHA S.A.,Cu,,En exploración,HUANUCO
-78.32252,-6.97153,GALENO,LUMINA COPPER S.A.C.,"Cu, Mo, Au, Ag",,En exploración,CAJAMARCA
-72.34158,-14.15034,HAQUIRA,MINERA ANTARES PERU S.A.C.,Cu-Mo,,En exploración,APURIMAC
-71.77069,-17.01441,TIA MARIA,SOUTHERN PERU COPPER CORPORATION SUCURSAL DEL PERU,Cu,,En exploración,AREQUIPA
-77.76623,-8.21655,MAGISTRAL,COMPAÑÍA MINERA MIILPO S.A.A.,Cu,,En exploración,ANCASH
-70.64711,-13.93246,CORANI,BEAR CREEK MINING COMPANY - SUC. DEL PERU,Ag,,En exploración,PUNO
-70.53639,-13.91609,MACUSANI,MINERGIA S.A.C.,U,,En exploración,PUNO
-72.27305,-13.71085,COLCA,PROINVERSION,"Au, Cu",,En exploración,APURIMAC
-72.35951,-13.73726,COTABAMBAS,PANORO APURIMAC S.A.,"Cu, Au, Ag",,En exploración,APURIMAC
-72.48195,-13.71524,ANUBIA,ANABI S.A.C,Cu,,En exploración,APURIMAC
-71.29357,-14.97772,QUECHUA,COMPAÑIA MINERA QUECHUA S.A.,Cu,,En exploración,CUSCO
-69.31745,-16.66295,SANTA ANA,BEAR CREEK MINING COMPANY - SUC PERU,Ag,,En exploración,PUNO
-77.0095,-9.98097,HILARIÓN,COMPAÑÍA MINERA MILPO S.A.A.,Zn,,En exploración,ANCASH
-72.25532,-16.04428,ZAFRANAL,MINERA AQM COPPER PERU S.A.C.,"Cu, Au",,En exploración,AREQUIPA
-75.03114,-12.7516,PUKAQAQA,COMPAÑÍA MINERA MILPO S.A.A.,Cu-Mo,,En exploración,HUANCAVELICA
-70.54827,-16.21171,SAN GABRIEL (EX-CHUCAPACA),COMPAÑÍA DE MINAS BUENAVENTURA S.A.A.,Au,,En exploración,MOQUEGUA
-72.87301,-14.49558,TRAPICHE,EL MOLLE VERDE S.A.C.,"Cu, Mo, Ag",,En exploración,APURIMAC
-78.32096,-7.03071,MICHIQUILLAY,PROINVERSION,Cu,,En exploración,CAJAMARCA
-76.33432,-11.48718,ARIANA,ARIANA OPERACIONES MINERAS S.A.C,Polimétalico,,En exploración,JUNIN
-75.12465,-15.2026,EXPLOTACION DE RELAVES,MINERA SHOUXIN PERU S.A.,"Cu, Fe, Zn",,En exploración,ICA
-71.00416,-16.88825,LOS CALATOS,MINERA HAMPTON PERU S.A.C,Cu-Mo,,En exploración,MOQUEGUA
-70.48764,-13.79748,OLLACHEA,MINERA KURI KULLU S.A.,Au,,En exploración,PUNO
-71.87071,-14.10273,CERRO CCOPANE,MINERA CUERVO S.A.C.,Fe,,En exploración,CUSCO
-73.12113,-14.16042,LOS CHANCAS,SOUTHERN PERU COPPER CORPORATION SUCURSAL DEL PERU,Cu,,En exploración,APURIMAC
-79.12466,-6.35269,LA GRANJA,RIO TINTO MINERA PERU LIMITADA S.A.C.,Cu,,En exploración,CAJAMARCA
-75.05957,-15.15237,MARCOBRE (MINA JUSTA),MARCOBRE S.A.C.,Cu,,En exploración,ICA
-72.39123,-14.75712,CRESPO,COMPAÑÍA MINERA ARES S.A.,Au - Ag,,En exploración,CUSCO
-80.86322,-5.98241,PROYECTO FOSFATOS,FOSFATOS DEL PACIFICO S.A.-FOSPAC,Fosfatos,,En exploración,PIURA
-80.75608,-5.89852,SALMUERAS DE SECHURA,AMERICAS POTASH PERU S.A.,Potasio,,En exploración,PIURA
-77.77769,-9.40448,SAN LUIS,RELIANT VENTURES S.A.C.,Au y Ag,,En exploración,ANCASH
-76.38757,-10.69771,QUICAY II,CORPORACION MINERA CENTAURO S.A.C.,"Au, Cu",,En exploración,PASCO
-70.62211,-17.09676,QUELLAVECO,ANGLO AMERICAN QUELLAVECO S.A.,Cu,,En exploración,MOQUEGUA
-71.45303,-16.62221,DON JAVIER,JUNEFIELD GROUP S.A.,Cu,,En exploración,AREQUIPA
-73.00569,-14.2541,JALAOCA,PROINVERSION,"Cu, Mo",,En exploración,APURIMAC
-75.32219,-11.41057,DINO,SAMCO MINERALS S.A.,"Zn, Pb, Ag",,En exploración,JUNIN
-75.97399,-10.85586,SHALIPAYCO,VOTORANTIM METAIS CAJAMARQUILLA S.A.,"Zn, Pb, Ag",,En exploración,JUNIN
-72.17317,-14.2423,UTUNSA,ANABI S.A.C.,Metálico,,En exploración,APURIMAC
-75.42444,-11.33046,TARMATAMBO,EXPLORACIONES MINERAS SAN RAMON S.A.,Metálico,,En exploración,JUNIN
-71.28462,-17.36014,PUITE,COMPAÑIA MINERA ZAHENA S.A.C.,Au,,En exploración,MOQUEGUA
-73.77673,-13.13503,HUINICCASA 2013,Compañía de Exploraciones Orion S.A.C.,Cu-Zn-Ag-Mo-Fe,,En exploración,AYACUCHO
-72.56177,-15.54308,CHALHUANE,MINERA CHALHUANE S.A.C.,Metalico,,En exploración,AREQUIPA
-77.98401,-8.07356,SHONITA,UNITED MINERS WORKING S.A.C.,"Au, Cu",,En exploración,LA LIBERTAD
-73.73294,-15.84911,CHAPARRA,WILD ACRE METALS (PERU) S.A.C.,Metálico,,En exploración,AREQUIPA
-74.19342,-15.42174,CHAPITO,CAMINO RESOURCES S.A.C.,Cu,,En exploración,AREQUIPA
-70.40438,-17.18285,SUYAWI (CAMILACA),RIO TINTO MINING AND EXPLORATION S.A.C.,"Cu, Mo",,En exploración,TACNA
-75.34406,-13.19464,INCASOL CAPILLAS,SUMITOMO METAL MINING PERU S.A,Metalico,,En exploración,HUANCAVELICA
-72.99983,-14.00286,LA YEGUA,BEAR CREEK MINING COMPANY - SUCURSAL DEL PERU,"Cu, Au, Mo",,En exploración,APURIMAC
-78.45565,-8.44177,ALUMBRE,Perú Minerals S.A.C.,"Au, Cu, Mo",,En exploración,LA LIBERTAD
-75.75382,-13.04625,PUCAMAYO,FERROALUMINIOS PERU Nº 4 S.A.C.,Au,,En exploración,ICA
-73.94603,-14.93301,PISACCALLA,COMPAÑÍA  DE MINAS BUENAVENTURA S.A.A.,Polimetálicos,,En exploración,AYACUCHO
-72.96924,-15.57858,TORORUME UNO,TORION MINING S.A.C,"Cu, Mo, Au",,En exploración,AREQUIPA
-75.41751,-12.48899,HUACRAVILCA,FRESNILLO PERU S.A.C.,Ag,,En exploración,JUNIN
-77.84199,-9.45245,BONITA,RELIANT VENTURES S.A.C.,"Cu, Au",,En exploración,ANCASH
-77.85487,-8.31501,CONCHUCOS,Iamgold Peru S.A.,Au,,En exploración,ANCASH
-70.98372,-15.20757,CONDOROMA,BREXIA GOLDPLATA PERU S.A.C.,"Cu, Au",,En exploración,CUSCO
-73.73031,-14.70872,PALLA PALLA,MINERA AZOLA S.A.C.,"Au, Ag",,En exploración,AYACUCHO
-73.25388,-14.42644,MISHA,MINERA BARRICK MISQUICHILCA S.A.,Au,,En exploración,APURIMAC
-78.15489,-9.82943,PHOENIX,FUTURE GOLD MINING S.A.,Au,,En exploración,ANCASH
-77.72739,-8.57892,SANTA CRUZ,MINERA PEÑOLES DE PERU S.A.,Cu,,En exploración,ANCASH
-71.3362,-17.40574,ILO NORTE,COMPAÑIA MINERA ZAHENA S.A.C.,Cu Au Mo,,En exploración,MOQUEGUA
-78.79789,-6.87367,TOTORA,MINERA LA ZANJA S.R.L.,Au,,En exploración,CAJAMARCA
-70.22212,-17.45666,CHIPISPAYA,ANGLO AMERICAN PERU S.A.,"Au, Cu",,En exploración,TACNA
-75.03746,-13.03827,ARCOPUNCO,BRAEVAL S.A.C.,"Cu, Mo, Au, Ag",,En exploración,HUANCAVELICA
-74.50109,-12.38423,PALCAWANKA,CONSORCIO MINERO PALCAWANKA S.A.C.,Metálico,,En exploración,HUANCAVELICA
-74.08186,-15.42657,VALETITA,Consorcio Minero Horizonte S.A.,Au,,En exploración,AREQUIPA
-77.41578,-9.34533,GUADALUPE,COMPAÑÍA MINERA MILPO S.A.A.,Metálico,,En exploración,ANCASH
-76.98243,-10.12023,CONDOR,MITSUI MINING & SMELTING CO. LTD. SUCURSAL DEL PERU,Au,,En exploración,ANCASH
-78.44861,-7.64594,IGOR,PROYECTOS LA PATAGONIA S.A.C.,"Au, Ag",,En exploración,LA LIBERTAD
-74.97815,-14.37603,LARA,MINAS DIXON S.A.,"Cu, Mo",,En exploración,AYACUCHO
-74.26316,-14.57477,PILARICA,FRESNILLO PERU S.A.C.,Ag,,En exploración,AYACUCHO
-71.51333,-15.29528,MAYRA,COMPAÑÍA DE MINAS BUENAVENTURA S.A.A.,Metálico,,En exploración,AREQUIPA
-70.42127,-14.25116,PODEROSA,SMC SOLEX DEL PERU S.A.C.,Metálico,,En exploración,PUNO
-70.53999,-14.1794,SANTO DOMINGO,MINSUR S.A.,"Cu, Sn",,En exploración,PUNO
-76.64011,-11.11026,SHALCA,COMPAÑIA MINERA VICHAYCOCHA S.A.C.,Polimetálicos,,En exploración,LIMA
-77.92519,-9.18755,TOROPUNTO,SMC TOROPUNTO LTD SUCURSAL DEL PERU,"Cu, Ag, Zn",,En exploración,ANCASH
-70.08343,-16.0554,KORIMINA,SURICHATA POLIMETALES SAC,Metalico,,En exploración,PUNO
-75.42002,-13.56605,CAHUIÑA,COMPAÑIA MINERA CARAVELI S.A.C.,Metálico,,En exploración,HUANCAVELICA
-77.71572,-8.47102,CARITO,BEAR CREEK MINING COMPANY - SUCURSAL DEL PERU,"Au, Cu",,En exploración,ANCASH
-72.96465,-14.33939,ANTILLA,PANORO APURIMAC S.A.,"Cu, Mo",,En exploración,APURIMAC
-70.18114,-14.52849,TAUCANE,MINSUR S.A.,Sn,,En exploración,PUNO
-76.26411,-11.92377,CHANAPE,INCA MINERALES  S.A.C.,"Au, Pb, Ag, Zn, Cu",,En exploración,LIMA
-77.67761,-8.60645,RACAYCOCHA,MINERA PEÑOLES DE PERU S.A.,"Au, Cu",,En exploración,ANCASH
-76.52205,-10.43838,AYAWILCA,TINKA RESOURCES S.A.C.,Zn,,En exploración,PASCO
-76.52733,-10.40873,COLQUIPUCRO,TINKA RESOURCES S.A.C.,"Ag, Zn, Sn",,En exploración,PASCO
-78.06315,-5.8491,CAÑON FLORIDA,COMPAÑÍA MINERA MILPO S.A.A.,"Zn, Pb, Ag",,En exploración,AMAZONAS
-76.00318,-11.8169,ZORAIDA,VOLCAN COMPAÑÍA MINERA S.A.A.,"Ag, Zn, Pb",,En exploración,JUNIN
-75.72285,-10.92244,SAN ANTONIO,SUBMICON S.A.C.,"Au, Cu",,En exploración,JUNIN
-76.6365,-10.58222,YUMPAG-CARAMA,COMPAÑIA DE MINAS BUENAVENTURA S.A.A.,"Ag, Mn",,En exploración,PASCO
-73.00445,-15.67297,OCAÑA,INVERSIONES MINERALES S.A.C.,Cu,,En exploración,AREQUIPA
-72.99375,-15.65258,PECOY,PEMBROOK COPPER S.A.C.,Cu-Mo-Au-Ag,,En exploración,AREQUIPA
-71.2689,-17.49838,CONYMECAR,GOLDEN IDEAL GOLD MINING S.A.C.,Au,,En exploración,MOQUEGUA
-77.01915,-10.72882,VIENTO,COMPAÑIA DE EXPLORACIONES ORION S.A.C.,"Cu, Mo",,En exploración,LIMA
-72.12476,-14.16871,GEMA,EXPLORACIONES COLLASUYO S.A.C.,"Cu, Zn, Pb",,En exploración,APURIMAC
-76.33868,-12.65641,LUNAHUANA,CANDENTE GOLD PERU S.A.C.,"Au,Cu",,En exploración,LIMA
-73.31148,-16.16892,ATICO,GOLDEN IDEAL GOLD MINING S.A.C.,Fe,,En exploración,AREQUIPA
-74.73364,-15.38977,ACARI,JUNEFIELD GROUP S.A.,Fe,,En exploración,AREQUIPA
-74.78768,-15.25689,ROMERILLO,CONSORCIO MINERO HORIZONTE S.A.,"Au, Cu",,En exploración,AREQUIPA
-73.61752,-15.53252,SONDOR,Teck Peru S.A.,Cu,,En exploración,AREQUIPA
-78.61629,-7.13364,COLPAYOC,WILD ACRE METALS (PERU) S.A.C.,"Au, Cu, Ag",,En exploración,CAJAMARCA
-78.94522,-6.87821,CASTREJON,MINERA LA ZANJA S.R.L.,Cu-Au-Ag,,En exploración,CAJAMARCA
-71.98316,-14.09077,ALICIA,MINERA STRAIT GOLD PERU S.A.C.,Cu,,En exploración,CUSCO
-77.67118,-8.58747,EL AGUILA,MINERA AGUILA DE ORO S.A.C.,"Cu, Mo",,En exploración,ANCASH
-75.28802,-12.95596,JOSJO,COMPAÑÍA MINERA MILPO S.A.A.,"Au, Ag",,En exploración,HUANCAVELICA
-71.07745,-16.54301,COLQUEMAYO,COMPAÑIA DE MINAS BUENAVENTURA S.A.A.,Au,,En exploración,MOQUEGUA
-72.06055,-14.18983,YANQUE-DOLORES,EXPLORACIONES COLLASUYO S.A.C.,Zn Pb,,En exploración,CUSCO
-72.65578,-14.04616,ANGOSTURA,AGUILA AMERICAN RESOURCES LIMITED S.A.,Au,,En exploración,APURIMAC
-72.75389,-14.36418,CHAPI CHAPI,ALTURAS MINERALS S.A.,"Cu, Au",,En exploración,APURIMAC
-78.49533,-8.07539,URUMALQUI,PERU GOLD RESOURCES S.A.C.,"Au, Ag",,En exploración,LA LIBERTAD
-74.38455,-14.58391,FRESIA,COMPAÑIA MINERA ARES S.A.C.,Au,,En exploración,AYACUCHO
-73.2485,-13.86649,HIERRO - AYMARAES,FERROBAMBA IRON S.A.,Fe,,En exploración,APURIMAC
-74.91367,-15.0281,PAMPA POROMA,ESTRELLA GOLD PERU SAC.,"Cu, Au, Ag",,En exploración,ICA
-70.7056,-17.25232,PUCA URKKU,ANGLO AMERICAN QUELLAVECO S.A.,Cu,,En exploración,MOQUEGUA
-70.6102,-17.18039,PEDREGAL,ANGLO AMERICAN QUELLAVECO S.A.,Cu,,En exploración,MOQUEGUA
-80.36596,-6.3947,MORROPE,Salmueras Sudamericanas S.A.,NM,,En exploración,LAMBAYEQUE
-75.07469,-12.60146,HUAJOTO,ALTURAS MINERALS S.A.,"Zn, Au, Cu",,En exploración,HUANCAVELICA
-72.52423,-14.62565,AZUCA,COMPAÑIA MINERA ARES S.A.C.,"Au, Ag",,En exploración,APURIMAC
-72.49187,-14.57881,MILLO,CONSORCIO MINERO HORIZONTE S.A.,"Au, Zn",,En exploración,APURIMAC
-73.00202,-14.17283,PACHACONAS,CONSORCIO MINERO HORIZONTE S.A.,"Au, Cu",,En exploración,APURIMAC
-74.82012,-13.39327,TITIMINAS,COMPAÑIA DE MINAS BUENAVENTURA S.A.A.,"Zn, Pb, Ag",,En exploración,AYACUCHO
-79.2205,-5.94573,PAMPA COLORADA,Origen Group S.A.C.,Au,,En exploración,CAJAMARCA
-69.95955,-14.48855,PRINCESA,SOLEX DEL PERU S.A.C.,Uranio,,En exploración,PUNO
-72.14256,-16.92258,AREQUIPA 3,GOLDEN IDEAL GOLD MINING S.A.C.,Fe,,En exploración,AREQUIPA
-70.77069,-18.00063,VALE,JUNEFIELD GROUP S.A.,Fe-Cu-Au,,En exploración,TACNA
-74.67243,-14.07101,SAMI,COMPAÑIA MINERA ZAHENA S.A.C.,"Cu, Au",,En exploración,AYACUCHO
-77.96978,-8.78542,PASHPAP,LUMINA COPPER S.A.C.,"Cu, Mo",,En exploración,ANCASH
-76.37394,-10.74971,SAN GREGORIO,SOCIEDAD MINERA EL BROCAL S.A.A.,Zn,,En exploración,PASCO
-77.68707,-7.99647,CAROLAY,MINERA SUNSET DEL PERU S.A.C.,Ag,,En exploración,LA LIBERTAD
-70.71158,-16.16095,TASSA,BEAR CREEK MINING COMPANY - SUCURSAL DEL PERU,"Ag, Au",,En exploración,MOQUEGUA
-69.82657,-14.17619,PACACORRAL,LUPAKA GOLD PERU S.A.C.,Prospecto,,En exploración,PUNO
-78.06273,-5.78264,SAN JOSE,CERRO LA MINA S.A.,Zn,,En exploración,AMAZONAS
-75.56026,-12.32152,TUCUMACHAY,TECK PERU S.A.,"Au, Zn",,En exploración,JUNIN
-76.69534,-10.57282,JANCAPATA,COMPAÑIA DE MINAS BUENAVENTURA S.A.A.,"Ag, Pb, Zn",,En exploración,PASCO
